,date,mean_temp,max_temp,min_temp,weather_code,precipitation_sum
0,2020-01-01,35.9,39.7,30.8,3,0.0
1,2020-01-02,36.2,47.9,27.8,3,0.0
2,2020-01-03,43.5,48.6,35.8,53,0.157
3,2020-01-04,45.7,50.0,41.9,53,0.244
4,2020-01-05,36.7,41.1,29.3,53,0.035
5,2020-01-06,36.8,45.6,31.0,73,0.051
6,2020-01-07,36.4,42.7,30.6,71,0.031
7,2020-01-08,33.6,40.9,28.9,71,0.004
8,2020-01-09,27.9,32.8,22.9,3,0.0
9,2020-01-10,40.8,51.9,29.8,3,0.0
10,2020-01-11,56.7,64.8,45.9,51,0.008
11,2020-01-12,58.3,65.6,43.9,61,0.106
12,2020-01-13,40.5,47.8,33.9,51,0.008
13,2020-01-14,39.3,43.9,33.6,51,0.012
14,2020-01-15,42.1,48.7,37.1,51,0.004
15,2020-01-16,42.0,47.4,34.2,53,0.071
16,2020-01-17,26.2,33.2,22.2,3,0.0
17,2020-01-18,26.1,36.2,20.5,75,0.331
18,2020-01-19,36.8,44.6,29.6,53,0.059
19,2020-01-20,24.8,30.3,19.0,3,0.0
20,2020-01-21,25.5,33.9,19.9,3,0.0
21,2020-01-22,27.7,37.1,22.2,2,0.0
22,2020-01-23,31.8,44.4,23.9,3,0.0
23,2020-01-24,36.9,49.1,26.9,3,0.0
24,2020-01-25,40.9,49.2,33.4,63,1.004
25,2020-01-26,39.0,46.0,33.2,3,0.0
26,2020-01-27,37.7,44.9,31.1,3,0.0
27,2020-01-28,37.1,41.6,31.1,3,0.0
28,2020-01-29,32.9,39.7,27.6,3,0.0
29,2020-01-30,28.3,34.1,21.9,3,0.0
30,2020-01-31,35.6,43.3,26.9,53,0.039
31,2020-02-01,36.4,41.9,30.3,51,0.016
32,2020-02-02,36.8,42.9,32.6,73,0.126
33,2020-02-03,42.2,54.2,32.0,71,0.02
34,2020-02-04,44.5,55.5,36.6,53,0.091
35,2020-02-05,40.7,48.2,37.9,51,0.031
36,2020-02-06,39.6,43.6,35.7,63,0.634
37,2020-02-07,40.8,57.0,33.5,73,0.402
38,2020-02-08,33.4,40.5,27.6,3,0.0
39,2020-02-09,34.3,43.7,27.9,3,0.0
40,2020-02-10,41.7,47.8,36.8,61,0.386
41,2020-02-11,43.0,45.5,40.5,61,0.358
42,2020-02-12,39.7,44.8,33.4,51,0.012
43,2020-02-13,39.5,43.6,35.8,61,0.772
44,2020-02-14,29.9,37.2,19.5,3,0.0
45,2020-02-15,21.8,28.9,15.2,3,0.0
46,2020-02-16,34.6,45.6,26.1,3,0.0
47,2020-02-17,38.3,49.4,29.7,3,0.0
48,2020-02-18,39.9,48.5,32.7,51,0.051
49,2020-02-19,40.5,46.3,30.9,3,0.0
50,2020-02-20,31.2,37.6,25.9,3,0.0
51,2020-02-21,26.9,35.0,20.3,0,0.0
52,2020-02-22,34.9,47.7,25.5,1,0.0
53,2020-02-23,39.4,53.2,26.9,1,0.0
54,2020-02-24,41.5,55.0,29.4,3,0.0
55,2020-02-25,45.0,49.9,39.9,61,0.106
56,2020-02-26,44.8,50.3,41.5,51,0.004
57,2020-02-27,39.6,47.3,30.2,63,0.476
58,2020-02-28,32.8,40.7,27.0,3,0.0
59,2020-02-29,29.8,36.4,24.8,3,0.0
60,2020-03-01,31.8,44.1,23.5,2,0.0
61,2020-03-02,43.2,56.2,29.3,3,0.0
62,2020-03-03,48.8,56.2,43.5,61,0.26
63,2020-03-04,47.5,55.5,41.0,63,0.13
64,2020-03-05,41.5,50.8,34.1,3,0.0
65,2020-03-06,39.1,44.7,32.3,53,0.165
66,2020-03-07,38.7,46.7,33.8,51,0.02
67,2020-03-08,41.6,56.7,27.5,2,0.0
68,2020-03-09,52.1,68.1,38.3,3,0.0
69,2020-03-10,54.2,60.4,47.1,51,0.012
70,2020-03-11,46.8,54.5,36.7,3,0.0
71,2020-03-12,42.3,48.0,35.1,51,0.028
72,2020-03-13,54.5,67.2,44.4,61,0.417
73,2020-03-14,46.7,54.3,38.9,51,0.004
74,2020-03-15,44.1,52.1,36.2,51,0.012
75,2020-03-16,37.0,43.8,28.6,3,0.0
76,2020-03-17,44.4,53.7,38.4,73,0.244
77,2020-03-18,43.1,50.0,33.1,3,0.0
78,2020-03-19,46.7,54.4,40.3,63,0.705
79,2020-03-20,58.2,74.4,44.3,61,0.15
80,2020-03-21,47.0,62.7,39.5,3,0.0
81,2020-03-22,36.4,42.6,30.9,3,0.0
82,2020-03-23,37.0,41.4,35.6,73,1.165
83,2020-03-24,43.5,57.2,33.0,3,0.0
84,2020-03-25,41.3,46.0,37.1,51,0.02
85,2020-03-26,43.7,56.7,32.8,3,0.0
86,2020-03-27,53.4,64.5,45.6,51,0.008
87,2020-03-28,45.9,49.8,41.9,63,0.606
88,2020-03-29,47.4,52.9,44.3,61,0.134
89,2020-03-30,45.6,53.1,39.3,61,0.197
90,2020-03-31,42.6,47.1,39.9,51,0.083
91,2020-04-01,44.3,54.5,36.4,3,0.0
92,2020-04-02,46.8,56.3,36.6,3,0.0
93,2020-04-03,46.7,50.3,42.3,73,0.362
94,2020-04-04,49.0,57.9,44.6,51,0.028
95,2020-04-05,50.1,60.6,41.9,3,0.0
96,2020-04-06,53.1,63.3,45.3,53,0.055
97,2020-04-07,52.7,62.7,45.0,51,0.012
98,2020-04-08,55.1,66.0,47.3,63,0.22
99,2020-04-09,49.7,61.4,43.7,61,0.378
100,2020-04-10,43.3,48.4,38.1,71,0.055
101,2020-04-11,44.1,52.1,35.8,3,0.0
102,2020-04-12,49.0,59.7,35.8,3,0.0
103,2020-04-13,58.7,65.6,53.8,63,1.634
104,2020-04-14,50.2,56.0,43.1,3,0.0
105,2020-04-15,45.2,51.5,40.0,51,0.059
106,2020-04-16,43.1,48.0,37.9,51,0.008
107,2020-04-17,40.7,50.4,31.0,53,0.067
108,2020-04-18,43.2,47.5,38.8,55,0.319
109,2020-04-19,47.6,59.8,34.7,3,0.0
110,2020-04-20,48.6,53.3,42.7,3,0.0
111,2020-04-21,47.9,59.9,40.6,63,0.272
112,2020-04-22,41.0,49.1,33.2,3,0.0
113,2020-04-23,41.7,49.6,33.5,51,0.012
114,2020-04-24,44.9,48.1,40.6,63,0.614
115,2020-04-25,48.7,61.8,37.1,3,0.0
116,2020-04-26,46.2,49.1,42.8,55,0.346
117,2020-04-27,43.1,46.7,39.8,51,0.055
118,2020-04-28,48.8,63.6,36.0,3,0.0
119,2020-04-29,47.8,56.4,39.3,53,0.059
120,2020-04-30,54.8,59.7,48.8,63,0.969
121,2020-05-01,57.1,65.2,51.9,63,0.425
122,2020-05-02,59.3,70.6,48.0,3,0.0
123,2020-05-03,63.7,76.2,51.9,63,0.185
124,2020-05-04,59.1,68.1,48.4,51,0.02
125,2020-05-05,51.0,59.0,43.9,3,0.0
126,2020-05-06,47.6,52.8,43.5,53,0.134
127,2020-05-07,52.9,62.5,41.8,3,0.0
128,2020-05-08,47.4,51.6,41.8,61,0.374
129,2020-05-09,40.4,46.5,33.0,71,0.094
130,2020-05-10,48.8,60.7,36.6,3,0.0
131,2020-05-11,50.4,58.9,42.4,55,0.098
132,2020-05-12,48.7,58.6,40.7,3,0.0
133,2020-05-13,48.9,60.4,36.6,3,0.0
134,2020-05-14,52.7,61.2,38.5,3,0.0
135,2020-05-15,68.4,81.8,54.5,61,0.15
136,2020-05-16,66.4,74.1,59.6,53,0.047
137,2020-05-17,56.1,61.6,50.4,3,0.0
138,2020-05-18,58.6,68.5,50.4,3,0.0
139,2020-05-19,57.4,64.8,50.9,3,0.0
140,2020-05-20,54.1,62.9,46.2,3,0.0
141,2020-05-21,52.5,60.7,42.6,1,0.0
142,2020-05-22,61.4,71.7,52.6,61,0.122
143,2020-05-23,61.1,68.4,53.7,55,0.476
144,2020-05-24,56.9,65.8,50.1,3,0.0
145,2020-05-25,59.5,67.8,54.5,3,0.0
146,2020-05-26,62.1,71.2,54.9,3,0.0
147,2020-05-27,63.4,71.9,58.3,3,0.0
148,2020-05-28,66.0,73.1,60.3,51,0.035
149,2020-05-29,71.8,78.4,64.1,51,0.039
150,2020-05-30,72.0,78.9,67.6,63,0.181
151,2020-05-31,61.4,68.9,54.7,2,0.0
152,2020-06-01,58.5,67.2,48.3,51,0.012
153,2020-06-02,63.5,70.8,53.7,3,0.0
154,2020-06-03,70.3,83.7,59.0,61,0.327
155,2020-06-04,73.0,84.3,62.7,3,0.0
156,2020-06-05,71.0,75.5,68.3,63,0.894
157,2020-06-06,75.5,84.8,68.8,55,0.161
158,2020-06-07,67.8,76.2,60.6,3,0.0
159,2020-06-08,66.6,77.6,56.4,3,0.0
160,2020-06-09,73.2,86.7,57.5,3,0.0
161,2020-06-10,73.3,80.3,66.5,3,0.0
162,2020-06-11,75.1,83.0,72.1,65,0.854
163,2020-06-12,74.5,83.2,66.1,3,0.0
164,2020-06-13,65.9,72.9,58.7,1,0.0
165,2020-06-14,62.1,71.7,53.7,2,0.0
166,2020-06-15,64.2,72.8,58.0,3,0.0
167,2020-06-16,65.4,75.4,57.2,3,0.0
168,2020-06-17,65.9,76.2,57.9,3,0.0
169,2020-06-18,67.8,74.2,63.6,53,0.079
170,2020-06-19,70.4,76.7,65.4,51,0.031
171,2020-06-20,73.0,80.7,65.4,53,0.024
172,2020-06-21,74.2,81.6,66.6,51,0.008
173,2020-06-22,77.5,86.9,68.5,2,0.0
174,2020-06-23,75.7,82.0,68.5,3,0.0
175,2020-06-24,77.9,86.1,70.7,51,0.004
176,2020-06-25,74.2,83.4,65.0,3,0.0
177,2020-06-26,75.4,86.5,65.2,51,0.004
178,2020-06-27,73.8,79.7,65.0,63,0.232
179,2020-06-28,75.4,83.8,68.0,53,0.098
180,2020-06-29,75.4,84.3,68.1,51,0.028
181,2020-06-30,71.9,77.8,66.3,63,0.445
182,2020-07-01,72.7,79.8,67.3,63,0.283
183,2020-07-02,77.5,89.1,67.7,3,0.0
184,2020-07-03,79.2,88.8,71.5,63,0.531
185,2020-07-04,74.6,83.9,69.1,63,0.22
186,2020-07-05,78.7,90.4,70.8,51,0.004
187,2020-07-06,78.9,90.8,69.6,51,0.016
188,2020-07-07,75.1,80.0,71.8,51,0.075
189,2020-07-08,77.1,82.7,72.9,51,0.043
190,2020-07-09,77.6,85.4,71.3,3,0.0
191,2020-07-10,73.8,75.8,72.5,65,1.484
192,2020-07-11,76.8,82.8,72.3,63,0.374
193,2020-07-12,78.3,87.7,69.4,3,0.0
194,2020-07-13,78.4,88.0,70.3,53,0.047
195,2020-07-14,75.9,82.7,68.0,51,0.004
196,2020-07-15,73.3,77.5,68.4,51,0.028
197,2020-07-16,71.6,75.3,68.9,3,0.0
198,2020-07-17,75.3,84.7,68.4,55,0.173
199,2020-07-18,79.1,90.7,69.5,3,0.0
200,2020-07-19,81.4,92.7,71.2,3,0.0
201,2020-07-20,85.5,96.4,78.0,3,0.0
202,2020-07-21,80.2,89.1,71.6,3,0.0
203,2020-07-22,81.2,89.1,74.5,61,0.134
204,2020-07-23,78.6,87.9,73.5,63,0.335
205,2020-07-24,75.3,78.5,72.6,63,0.87
206,2020-07-25,77.9,85.7,70.0,3,0.0
207,2020-07-26,82.5,93.5,73.4,3,0.0
208,2020-07-27,83.9,95.8,70.8,3,0.0
209,2020-07-28,84.1,93.4,77.1,55,0.071
210,2020-07-29,80.7,88.2,73.1,3,0.0
211,2020-07-30,82.0,90.5,73.2,3,0.0
212,2020-07-31,76.0,80.7,71.7,61,0.535
213,2020-08-01,77.2,85.1,67.8,3,0.0
214,2020-08-02,79.3,84.1,74.1,61,0.173
215,2020-08-03,80.6,88.8,74.4,61,0.091
216,2020-08-04,76.0,79.9,73.5,65,0.831
217,2020-08-05,78.1,87.1,70.9,2,0.0
218,2020-08-06,71.9,77.6,65.8,61,0.102
219,2020-08-07,74.6,80.9,70.8,55,0.106
220,2020-08-08,74.0,79.4,69.0,63,0.516
221,2020-08-09,76.8,84.3,69.1,51,0.02
222,2020-08-10,80.0,88.4,72.1,1,0.0
223,2020-08-11,79.7,84.5,74.9,53,0.028
224,2020-08-12,80.1,87.2,73.8,63,0.299
225,2020-08-13,75.9,78.0,74.4,61,0.213
226,2020-08-14,77.8,85.2,71.7,51,0.008
227,2020-08-15,74.6,83.8,69.7,51,0.012
228,2020-08-16,68.3,70.9,66.2,61,0.528
229,2020-08-17,69.5,78.5,61.8,63,0.236
230,2020-08-18,73.8,82.9,65.0,3,0.0
231,2020-08-19,70.0,74.8,66.2,61,0.217
232,2020-08-20,69.7,78.1,62.0,3,0.0
233,2020-08-21,73.8,83.4,64.3,3,0.0
234,2020-08-22,77.2,85.8,70.3,61,0.102
235,2020-08-23,75.8,82.9,68.7,3,0.0
236,2020-08-24,78.5,88.9,70.9,51,0.004
237,2020-08-25,79.6,91.4,72.6,51,0.012
238,2020-08-26,72.3,78.8,66.5,3,0.0
239,2020-08-27,77.1,92.0,66.7,53,0.059
240,2020-08-28,76.1,88.6,69.0,51,0.024
241,2020-08-29,74.7,77.9,71.8,63,0.827
242,2020-08-30,70.8,78.0,64.4,51,0.004
243,2020-08-31,67.7,73.6,60.2,3,0.0
244,2020-09-01,71.5,76.8,67.6,51,0.008
245,2020-09-02,73.0,76.9,67.6,61,0.409
246,2020-09-03,76.6,85.1,72.8,63,0.902
247,2020-09-04,75.3,83.6,66.8,3,0.0
248,2020-09-05,69.5,78.0,61.5,3,0.0
249,2020-09-06,70.5,79.6,62.2,3,0.0
250,2020-09-07,70.0,76.7,62.0,2,0.0
251,2020-09-08,71.1,80.4,62.6,3,0.0
252,2020-09-09,72.3,79.4,66.2,51,0.024
253,2020-09-10,75.2,80.7,71.5,63,0.677
254,2020-09-11,71.3,76.0,63.3,51,0.028
255,2020-09-12,64.5,69.8,60.7,3,0.0
256,2020-09-13,68.2,73.4,61.1,61,0.059
257,2020-09-14,69.3,76.6,60.3,3,0.0
258,2020-09-15,59.1,65.9,52.5,0,0.0
259,2020-09-16,62.7,71.7,53.2,3,0.0
260,2020-09-17,66.5,71.9,61.1,3,0.0
261,2020-09-18,63.0,67.5,58.2,3,0.0
262,2020-09-19,55.3,62.3,49.1,0,0.0
263,2020-09-20,54.8,61.8,49.0,3,0.0
264,2020-09-21,55.2,64.8,47.1,0,0.0
265,2020-09-22,58.7,71.7,48.1,0,0.0
266,2020-09-23,65.2,78.8,53.3,0,0.0
267,2020-09-24,65.3,76.1,54.7,3,0.0
268,2020-09-25,65.3,76.3,55.8,3,0.0
269,2020-09-26,65.9,72.6,59.1,55,0.051
270,2020-09-27,69.6,77.2,63.1,51,0.012
271,2020-09-28,70.2,74.7,66.9,51,0.063
272,2020-09-29,69.1,74.4,64.5,61,0.484
273,2020-09-30,65.9,70.0,60.1,65,1.15
274,2020-10-01,64.0,71.5,57.4,3,0.0
275,2020-10-02,59.1,64.7,55.4,55,0.169
276,2020-10-03,56.6,65.2,49.7,1,0.0
277,2020-10-04,57.2,65.4,49.2,53,0.02
278,2020-10-05,59.2,67.2,51.7,3,0.0
279,2020-10-06,61.1,67.9,52.0,51,0.008
280,2020-10-07,64.1,75.6,55.5,51,0.008
281,2020-10-08,57.7,63.7,50.2,0,0.0
282,2020-10-09,57.4,66.9,48.3,3,0.0
283,2020-10-10,64.7,74.5,56.6,3,0.0
284,2020-10-11,63.0,66.4,58.9,51,0.024
285,2020-10-12,54.3,58.2,52.1,61,0.933
286,2020-10-13,57.0,59.1,54.8,63,0.413
287,2020-10-14,57.8,68.6,48.3,1,0.0
288,2020-10-15,61.2,71.7,52.2,3,0.0
289,2020-10-16,57.0,62.8,50.5,63,0.937
290,2020-10-17,51.4,59.3,44.9,55,0.15
291,2020-10-18,53.7,62.2,44.7,3,0.0
292,2020-10-19,57.7,63.8,48.3,3,0.0
293,2020-10-20,61.6,70.4,55.2,3,0.0
294,2020-10-21,62.0,67.5,57.3,51,0.012
295,2020-10-22,64.7,69.6,61.3,3,0.0
296,2020-10-23,63.5,68.0,60.8,51,0.012
297,2020-10-24,61.5,69.9,49.7,51,0.016
298,2020-10-25,48.4,51.3,44.6,51,0.043
299,2020-10-26,56.4,61.8,51.0,51,0.067
300,2020-10-27,57.0,59.7,54.4,51,0.031
301,2020-10-28,55.5,61.3,52.3,53,0.114
302,2020-10-29,51.4,54.3,47.1,63,1.48
303,2020-10-30,41.7,46.8,37.4,63,0.732
304,2020-10-31,39.4,44.6,31.9,3,0.0
305,2020-11-01,48.7,56.7,40.2,63,0.311
306,2020-11-02,40.6,43.7,37.2,51,0.02
307,2020-11-03,46.0,53.8,39.2,3,0.0
308,2020-11-04,49.1,61.8,39.1,2,0.0
309,2020-11-05,53.8,65.7,44.7,3,0.0
310,2020-11-06,56.6,68.4,49.0,3,0.0
311,2020-11-07,57.4,71.0,46.0,2,0.0
312,2020-11-08,56.2,70.8,45.9,2,0.0
313,2020-11-09,55.8,70.7,46.0,0,0.0
314,2020-11-10,59.9,70.9,52.5,3,0.0
315,2020-11-11,64.0,71.2,59.6,63,0.575
316,2020-11-12,55.6,65.1,47.2,61,0.433
317,2020-11-13,47.8,51.9,42.8,55,0.142
318,2020-11-14,45.2,52.1,39.5,3,0.0
319,2020-11-15,49.3,63.1,36.2,61,0.236
320,2020-11-16,47.6,52.3,40.4,51,0.004
321,2020-11-17,41.1,47.4,36.6,53,0.051
322,2020-11-18,33.1,35.6,29.1,3,0.0
323,2020-11-19,36.4,44.9,27.0,3,0.0
324,2020-11-20,48.4,58.4,41.1,3,0.0
325,2020-11-21,51.5,60.0,43.8,3,0.0
326,2020-11-22,46.6,54.6,40.2,51,0.004
327,2020-11-23,50.3,56.9,40.8,63,0.626
328,2020-11-24,41.4,47.0,37.1,3,0.0
329,2020-11-25,46.0,53.0,39.2,51,0.016
330,2020-11-26,55.0,62.7,48.6,63,0.5
331,2020-11-27,50.6,60.6,43.7,2,0.0
332,2020-11-28,47.2,55.4,40.2,3,0.0
333,2020-11-29,42.5,51.5,35.2,3,0.0
334,2020-11-30,53.8,61.7,40.1,65,1.409
335,2020-12-01,48.6,58.2,37.8,53,0.035
336,2020-12-02,38.8,44.3,34.7,3,0.0
337,2020-12-03,40.1,49.4,32.7,51,0.004
338,2020-12-04,44.7,52.4,39.8,53,0.154
339,2020-12-05,42.3,44.3,38.4,63,0.882
340,2020-12-06,36.1,38.8,32.9,3,0.0
341,2020-12-07,33.3,39.5,28.5,3,0.0
342,2020-12-08,32.5,38.3,29.4,3,0.0
343,2020-12-09,33.4,39.2,27.8,71,0.02
344,2020-12-10,39.4,48.6,32.1,2,0.0
345,2020-12-11,40.0,51.9,31.2,3,0.0
346,2020-12-12,46.0,54.6,36.2,51,0.031
347,2020-12-13,49.4,58.3,42.0,51,0.004
348,2020-12-14,37.7,40.0,35.1,53,0.264
349,2020-12-15,33.3,38.6,28.7,3,0.0
350,2020-12-16,28.5,33.0,24.5,75,0.484
351,2020-12-17,27.4,32.8,23.9,75,0.705
352,2020-12-18,23.0,28.6,18.5,3,0.0
353,2020-12-19,20.5,28.8,14.6,3,0.0
354,2020-12-20,29.8,37.6,18.6,71,0.031
355,2020-12-21,33.6,37.7,30.0,3,0.0
356,2020-12-22,35.5,42.0,30.3,3,0.0
357,2020-12-23,34.1,37.7,23.7,3,0.0
358,2020-12-24,50.5,57.8,37.5,61,0.193
359,2020-12-25,48.4,58.2,30.0,63,1.409
360,2020-12-26,26.9,31.5,22.8,0,0.0
361,2020-12-27,29.0,36.8,23.5,3,0.0
362,2020-12-28,39.7,48.9,30.9,3,0.0
363,2020-12-29,34.1,38.4,26.6,3,0.0
364,2020-12-30,32.4,38.9,25.2,3,0.0
365,2020-12-31,42.4,47.2,33.6,63,0.382
366,2021-01-01,33.5,38.4,27.4,63,0.319
367,2021-01-02,41.5,49.8,34.5,61,0.161
368,2021-01-03,34.7,38.4,29.8,71,0.256
369,2021-01-04,37.0,43.8,33.1,71,0.059
370,2021-01-05,36.4,40.9,33.6,3,0.0
371,2021-01-06,35.0,40.5,29.9,3,0.0
372,2021-01-07,33.9,42.8,28.8,1,0.0
373,2021-01-08,31.6,41.5,25.4,3,0.0
374,2021-01-09,30.4,35.5,24.6,3,0.0
375,2021-01-10,32.1,41.4,26.7,3,0.0
376,2021-01-11,28.9,35.8,23.8,3,0.0
377,2021-01-12,32.5,42.5,26.9,2,0.0
378,2021-01-13,33.0,43.1,25.1,3,0.0
379,2021-01-14,37.4,48.1,30.7,3,0.0
380,2021-01-15,38.2,46.0,30.3,61,0.102
381,2021-01-16,42.0,46.6,35.3,63,0.858
382,2021-01-17,38.0,45.4,31.9,3,0.0
383,2021-01-18,37.3,43.9,32.2,3,0.0
384,2021-01-19,34.5,40.6,29.0,3,0.0
385,2021-01-20,32.0,40.1,25.6,73,0.039
386,2021-01-21,31.0,41.7,23.1,3,0.0
387,2021-01-22,36.4,44.1,30.4,3,0.0
388,2021-01-23,27.7,31.5,23.8,3,0.0
389,2021-01-24,26.3,32.3,21.9,3,0.0
390,2021-01-25,29.3,38.3,23.2,3,0.0
391,2021-01-26,31.7,34.5,29.3,73,0.177
392,2021-01-27,34.1,39.6,27.9,51,0.024
393,2021-01-28,27.0,32.1,20.3,3,0.0
394,2021-01-29,19.7,24.8,15.3,3,0.0
395,2021-01-30,22.6,33.6,15.9,0,0.0
396,2021-01-31,22.3,26.8,17.8,73,0.102
397,2021-02-01,28.9,33.0,24.1,75,1.52
398,2021-02-02,31.7,34.5,28.5,73,0.161
399,2021-02-03,31.0,34.4,28.0,71,0.004
400,2021-02-04,30.2,38.0,25.7,3,0.0
401,2021-02-05,34.5,40.9,26.4,73,0.087
402,2021-02-06,31.1,39.3,22.9,3,0.0
403,2021-02-07,28.8,32.1,23.4,75,0.303
404,2021-02-08,19.1,25.7,12.3,3,0.0
405,2021-02-09,24.5,33.5,14.1,73,0.079
406,2021-02-10,24.7,32.1,15.3,71,0.004
407,2021-02-11,26.7,32.5,22.8,73,0.177
408,2021-02-12,20.8,27.0,11.0,3,0.0
409,2021-02-13,23.5,27.0,18.3,71,0.051
410,2021-02-14,30.5,36.3,27.0,51,0.02
411,2021-02-15,30.4,32.8,27.3,51,0.051
412,2021-02-16,40.3,47.2,30.6,65,1.232
413,2021-02-17,24.4,29.8,19.6,3,0.0
414,2021-02-18,25.0,27.5,22.6,75,0.52
415,2021-02-19,28.9,31.1,25.8,73,0.213
416,2021-02-20,28.0,31.9,22.2,3,0.0
417,2021-02-21,23.7,32.9,16.8,3,0.0
418,2021-02-22,29.8,36.4,18.0,75,0.547
419,2021-02-23,36.1,42.4,29.0,51,0.024
420,2021-02-24,40.0,51.9,30.3,3,0.0
421,2021-02-25,40.7,46.5,29.7,3,0.0
422,2021-02-26,34.2,43.1,26.2,3,0.0
423,2021-02-27,42.6,53.3,35.1,61,0.453
424,2021-02-28,39.8,46.1,32.6,61,0.205
425,2021-03-01,42.0,48.1,35.1,55,0.303
426,2021-03-02,26.0,32.3,19.2,1,0.0
427,2021-03-03,37.4,51.2,26.7,2,0.0
428,2021-03-04,35.6,42.4,27.3,3,0.0
429,2021-03-05,27.9,35.9,20.3,0,0.0
430,2021-03-06,29.5,34.7,23.1,3,0.0
431,2021-03-07,30.3,40.1,22.8,2,0.0
432,2021-03-08,30.8,42.9,20.3,3,0.0
433,2021-03-09,45.8,60.9,32.4,3,0.0
434,2021-03-10,40.2,50.9,30.0,3,0.0
435,2021-03-11,51.5,68.1,36.6,3,0.0
436,2021-03-12,56.6,65.8,49.5,51,0.004
437,2021-03-13,40.1,49.2,29.4,0,0.0
438,2021-03-14,40.6,50.3,30.9,3,0.0
439,2021-03-15,29.2,37.2,21.2,3,0.0
440,2021-03-16,31.0,36.5,25.0,71,0.004
441,2021-03-17,39.0,46.1,32.5,3,0.0
442,2021-03-18,42.5,45.6,39.3,63,0.697
443,2021-03-19,35.3,42.2,27.6,73,0.142
444,2021-03-20,38.3,54.7,25.4,0,0.0
445,2021-03-21,42.4,59.1,31.1,1,0.0
446,2021-03-22,43.1,55.7,30.3,0,0.0
447,2021-03-23,46.0,61.0,34.7,3,0.0
448,2021-03-24,48.4,55.7,39.3,65,1.169
449,2021-03-25,53.6,67.2,47.9,53,0.071
450,2021-03-26,61.4,78.2,49.6,55,0.075
451,2021-03-27,53.2,63.7,44.0,3,0.0
452,2021-03-28,53.5,66.3,46.1,63,0.657
453,2021-03-29,46.7,52.8,39.3,3,0.0
454,2021-03-30,45.5,54.6,33.1,3,0.0
455,2021-03-31,53.5,62.2,45.4,61,0.528
456,2021-04-01,45.5,52.1,37.5,63,0.268
457,2021-04-02,33.6,38.4,25.9,3,0.0
458,2021-04-03,39.1,51.7,28.1,3,0.0
459,2021-04-04,48.9,60.6,38.4,3,0.0
460,2021-04-05,52.9,64.6,42.4,2,0.0
461,2021-04-06,52.1,65.1,41.1,1,0.0
462,2021-04-07,53.5,68.0,44.0,55,0.047
463,2021-04-08,52.7,64.2,41.3,3,0.0
464,2021-04-09,47.7,54.1,42.2,3,0.0
465,2021-04-10,53.6,61.6,46.4,53,0.051
466,2021-04-11,53.5,58.3,47.6,63,1.091
467,2021-04-12,46.2,48.3,44.1,61,0.5
468,2021-04-13,51.6,65.2,42.6,61,0.185
469,2021-04-14,54.9,68.1,42.4,3,0.0
470,2021-04-15,51.5,55.4,45.9,63,0.591
471,2021-04-16,45.9,54.0,38.6,53,0.075
472,2021-04-17,47.4,53.7,41.1,51,0.012
473,2021-04-18,51.0,59.8,41.7,3,0.0
474,2021-04-19,52.4,62.5,42.4,3,0.0
475,2021-04-20,57.6,70.8,43.6,3,0.0
476,2021-04-21,53.3,64.9,39.2,61,0.087
477,2021-04-22,40.8,46.6,34.5,3,0.0
478,2021-04-23,48.2,60.0,35.6,3,0.0
479,2021-04-24,55.3,68.1,41.3,3,0.0
480,2021-04-25,53.5,62.0,47.4,63,0.512
481,2021-04-26,48.5,57.1,38.5,2,0.0
482,2021-04-27,49.4,58.2,39.0,71,0.024
483,2021-04-28,62.0,80.7,46.6,3,0.0
484,2021-04-29,64.1,73.2,54.6,55,0.114
485,2021-04-30,60.6,67.2,46.1,51,0.016
486,2021-05-01,51.5,63.4,41.1,3,0.0
487,2021-05-02,64.9,79.3,52.3,3,0.0
488,2021-05-03,57.7,61.1,52.8,61,0.244
489,2021-05-04,58.7,72.1,52.3,63,0.429
490,2021-05-05,54.5,59.8,51.5,61,0.362
491,2021-05-06,55.3,63.3,47.7,3,0.0
492,2021-05-07,53.5,61.8,46.1,3,0.0
493,2021-05-08,49.9,52.8,46.0,55,0.106
494,2021-05-09,50.6,62.4,42.4,61,0.327
495,2021-05-10,52.2,59.2,46.6,53,0.114
496,2021-05-11,54.0,62.4,46.5,51,0.012
497,2021-05-12,53.4,64.3,42.6,2,0.0
498,2021-05-13,56.8,66.7,45.3,2,0.0
499,2021-05-14,59.5,71.7,45.6,1,0.0
500,2021-05-15,61.6,72.9,47.0,3,0.0
501,2021-05-16,61.7,71.2,50.2,3,0.0
502,2021-05-17,62.0,73.4,49.3,3,0.0
503,2021-05-18,66.8,79.8,52.0,3,0.0
504,2021-05-19,69.7,83.6,55.5,3,0.0
505,2021-05-20,61.9,70.9,54.5,3,0.0
506,2021-05-21,63.5,73.5,53.2,3,0.0
507,2021-05-22,75.3,87.5,62.2,3,0.0
508,2021-05-23,77.3,88.9,67.3,3,0.0
509,2021-05-24,60.9,66.3,56.9,3,0.0
510,2021-05-25,63.5,70.9,55.7,3,0.0
511,2021-05-26,73.6,84.8,63.5,61,0.071
512,2021-05-27,73.0,82.0,65.5,61,0.102
513,2021-05-28,58.8,66.1,50.9,63,1.004
514,2021-05-29,49.7,52.0,47.3,63,1.106
515,2021-05-30,49.8,52.8,47.2,61,0.555
516,2021-05-31,57.2,69.0,49.0,51,0.031
517,2021-06-01,62.3,74.9,49.2,3,0.0
518,2021-06-02,63.2,71.1,54.7,3,0.0
519,2021-06-03,64.0,72.5,55.7,63,0.543
520,2021-06-04,69.5,77.8,63.8,61,0.201
521,2021-06-05,75.4,88.8,62.9,2,0.0
522,2021-06-06,78.3,88.7,68.4,1,0.0
523,2021-06-07,77.6,86.6,69.5,51,0.012
524,2021-06-08,77.4,86.4,71.4,61,0.228
525,2021-06-09,78.1,86.9,70.6,53,0.055
526,2021-06-10,72.5,79.8,62.5,51,0.008
527,2021-06-11,63.8,69.4,59.7,51,0.02
528,2021-06-12,65.3,70.5,61.0,51,0.016
529,2021-06-13,65.7,74.5,58.6,51,0.004
530,2021-06-14,66.4,70.4,63.7,63,0.701
531,2021-06-15,69.7,77.9,63.3,53,0.024
532,2021-06-16,67.1,74.0,59.6,2,0.0
533,2021-06-17,65.5,75.3,54.3,3,0.0
534,2021-06-18,69.5,81.6,56.1,3,0.0
535,2021-06-19,75.6,90.2,67.2,53,0.079
536,2021-06-20,73.4,84.6,63.1,51,0.012
537,2021-06-21,76.5,82.1,70.9,51,0.02
538,2021-06-22,69.1,76.2,59.3,63,0.346
539,2021-06-23,64.3,73.8,54.3,3,0.0
540,2021-06-24,65.2,73.0,56.4,3,0.0
541,2021-06-25,67.1,75.6,60.6,3,0.0
542,2021-06-26,72.9,79.3,65.4,53,0.071
543,2021-06-27,78.1,84.7,71.8,51,0.02
544,2021-06-28,81.6,90.6,73.3,3,0.0
545,2021-06-29,83.4,92.4,75.3,1,0.0
546,2021-06-30,85.7,95.8,76.9,2,0.0
547,2021-07-01,76.9,83.5,71.4,65,0.902
548,2021-07-02,71.7,76.0,68.0,63,1.102
549,2021-07-03,63.9,67.2,61.8,63,0.657
550,2021-07-04,68.5,77.1,60.2,51,0.067
551,2021-07-05,72.9,79.4,64.5,51,0.008
552,2021-07-06,79.6,92.0,71.6,51,0.024
553,2021-07-07,80.2,89.3,71.7,55,0.039
554,2021-07-08,76.3,82.4,70.6,63,0.48
555,2021-07-09,76.5,86.1,71.3,65,1.465
556,2021-07-10,73.9,78.6,69.6,51,0.039
557,2021-07-11,72.5,76.5,68.0,53,0.098
558,2021-07-12,76.7,83.3,72.1,65,0.638
559,2021-07-13,73.2,78.4,70.0,53,0.071
560,2021-07-14,76.9,87.0,70.8,53,0.051
561,2021-07-15,78.3,84.9,70.1,51,0.004
562,2021-07-16,81.9,90.4,74.0,51,0.016
563,2021-07-17,80.3,87.3,74.2,63,0.343
564,2021-07-18,77.4,83.3,73.8,65,0.591
565,2021-07-19,75.2,81.9,69.7,51,0.008
566,2021-07-20,78.1,87.9,70.0,1,0.0
567,2021-07-21,75.2,82.5,69.9,63,0.209
568,2021-07-22,72.5,80.2,64.0,3,0.0
569,2021-07-23,72.4,79.4,63.5,1,0.0
570,2021-07-24,72.8,80.2,64.7,3,0.0
571,2021-07-25,75.8,83.7,68.0,63,0.311
572,2021-07-26,79.0,89.3,71.0,3,0.0
573,2021-07-27,77.0,87.0,67.0,51,0.004
574,2021-07-28,74.0,80.6,68.7,51,0.043
575,2021-07-29,72.3,77.9,67.6,65,1.268
576,2021-07-30,73.8,82.3,66.9,1,0.0
577,2021-07-31,67.6,78.6,58.1,2,0.0
578,2021-08-01,70.5,75.5,61.6,51,0.028
579,2021-08-02,70.7,79.8,63.1,3,0.0
580,2021-08-03,68.7,75.6,60.3,3,0.0
581,2021-08-04,69.9,76.1,63.6,53,0.031
582,2021-08-05,70.9,80.7,63.5,51,0.004
583,2021-08-06,74.8,83.7,62.8,3,0.0
584,2021-08-07,76.3,85.4,67.3,3,0.0
585,2021-08-08,69.8,72.9,66.0,63,0.52
586,2021-08-09,73.2,79.5,68.3,51,0.028
587,2021-08-10,75.2,81.0,68.6,61,0.232
588,2021-08-11,80.0,89.2,73.5,55,0.134
589,2021-08-12,83.0,95.2,73.3,3,0.0
590,2021-08-13,83.2,91.5,76.5,3,0.0
591,2021-08-14,80.9,88.7,75.6,61,0.205
592,2021-08-15,74.6,81.8,68.6,3,0.0
593,2021-08-16,73.2,79.8,68.1,3,0.0
594,2021-08-17,74.8,79.1,71.6,61,0.091
595,2021-08-18,75.9,80.6,69.9,61,0.075
596,2021-08-19,79.5,86.7,74.2,55,0.327
597,2021-08-20,76.2,80.0,71.7,53,0.071
598,2021-08-21,76.3,80.7,71.7,53,0.047
599,2021-08-22,73.4,74.4,72.2,65,2.65
600,2021-08-23,76.2,83.4,71.4,65,1.382
601,2021-08-24,78.7,87.6,71.3,1,0.0
602,2021-08-25,78.5,88.3,68.2,3,0.0
603,2021-08-26,80.3,89.4,72.6,51,0.004
604,2021-08-27,81.0,90.3,74.3,53,0.063
605,2021-08-28,73.4,78.7,68.1,53,0.13
606,2021-08-29,71.3,76.1,66.5,53,0.079
607,2021-08-30,76.3,83.6,70.9,63,0.205
608,2021-08-31,76.3,83.9,70.2,3,0.0
609,2021-09-01,70.5,73.8,65.0,65,4.39
610,2021-09-02,66.9,76.0,59.3,65,0.882
611,2021-09-03,64.8,71.5,57.6,3,0.0
612,2021-09-04,67.3,77.0,58.6,3,0.0
613,2021-09-05,69.4,76.2,62.5,53,0.047
614,2021-09-06,72.5,80.7,66.3,3,0.0
615,2021-09-07,69.3,78.9,59.8,1,0.0
616,2021-09-08,73.7,79.8,67.6,51,0.024
617,2021-09-09,70.0,73.0,67.6,63,0.764
618,2021-09-10,67.1,73.4,61.0,3,0.0
619,2021-09-11,66.5,76.6,56.0,3,0.0
620,2021-09-12,73.3,84.2,65.2,2,0.0
621,2021-09-13,76.9,84.3,71.1,53,0.063
622,2021-09-14,71.7,78.3,66.7,51,0.004
623,2021-09-15,76.5,85.9,69.3,53,0.031
624,2021-09-16,70.8,75.3,66.7,55,0.157
625,2021-09-17,71.1,74.7,68.3,51,0.063
626,2021-09-18,73.5,81.2,66.7,51,0.016
627,2021-09-19,68.7,74.4,62.4,2,0.0
628,2021-09-20,65.8,72.9,59.2,51,0.012
629,2021-09-21,68.3,73.5,62.3,51,0.004
630,2021-09-22,72.7,77.1,67.4,61,0.193
631,2021-09-23,73.5,78.9,63.8,63,0.724
632,2021-09-24,65.6,72.3,60.0,63,1.031
633,2021-09-25,64.9,72.8,57.1,3,0.0
634,2021-09-26,64.7,70.6,60.0,3,0.0
635,2021-09-27,67.7,78.8,58.4,3,0.0
636,2021-09-28,67.4,72.5,61.8,63,0.602
637,2021-09-29,60.3,68.3,52.8,51,0.004
638,2021-09-30,59.7,66.3,55.7,3,0.0
639,2021-10-01,57.7,67.1,49.4,1,0.0
640,2021-10-02,61.8,75.0,51.4,3,0.0
641,2021-10-03,66.1,78.8,55.3,3,0.0
642,2021-10-04,66.9,70.1,62.1,63,0.898
643,2021-10-05,62.7,68.0,59.3,3,0.0
644,2021-10-06,64.1,68.8,61.0,3,0.0
645,2021-10-07,65.6,72.4,60.9,51,0.016
646,2021-10-08,65.4,75.1,57.2,3,0.0
647,2021-10-09,63.5,68.5,59.5,51,0.016
648,2021-10-10,63.3,66.0,61.8,53,0.11
649,2021-10-11,64.7,70.8,61.5,3,0.0
650,2021-10-12,63.7,70.8,59.7,3,0.0
651,2021-10-13,64.4,71.0,59.1,51,0.004
652,2021-10-14,66.9,77.1,59.5,3,0.0
653,2021-10-15,67.4,77.1,58.9,3,0.0
654,2021-10-16,68.3,76.2,59.1,63,0.701
655,2021-10-17,57.1,63.4,52.1,51,0.008
656,2021-10-18,53.6,60.8,48.4,2,0.0
657,2021-10-19,56.3,66.4,46.9,0,0.0
658,2021-10-20,64.3,75.7,56.7,3,0.0
659,2021-10-21,62.8,73.5,53.3,3,0.0
660,2021-10-22,63.3,68.5,57.7,3,0.0
661,2021-10-23,55.3,61.1,51.0,51,0.016
662,2021-10-24,53.5,60.0,45.2,53,0.028
663,2021-10-25,65.1,73.7,57.1,63,0.429
664,2021-10-26,60.3,62.7,56.6,65,3.102
665,2021-10-27,57.0,61.1,53.8,61,0.268
666,2021-10-28,52.8,59.2,46.5,3,0.0
667,2021-10-29,52.8,57.6,47.8,63,0.366
668,2021-10-30,59.9,64.0,54.3,61,0.264
669,2021-10-31,58.3,65.0,54.4,63,0.232
670,2021-11-01,53.1,58.2,46.2,3,0.0
671,2021-11-02,48.8,52.6,44.7,51,0.028
672,2021-11-03,44.4,51.7,38.4,51,0.004
673,2021-11-04,43.6,49.7,36.9,3,0.0
674,2021-11-05,43.5,51.2,38.0,0,0.0
675,2021-11-06,44.3,51.0,37.5,0,0.0
676,2021-11-07,44.5,53.4,36.9,3,0.0
677,2021-11-08,51.2,61.8,43.9,3,0.0
678,2021-11-09,53.0,67.2,42.7,3,0.0
679,2021-11-10,54.5,63.2,45.9,51,0.016
680,2021-11-11,50.1,59.1,39.2,51,0.016
681,2021-11-12,59.3,65.4,47.6,63,0.634
682,2021-11-13,48.4,61.0,40.8,63,0.15
683,2021-11-14,42.8,47.2,37.3,53,0.028
684,2021-11-15,42.0,47.6,35.7,53,0.043
685,2021-11-16,41.4,49.2,35.5,3,0.0
686,2021-11-17,45.2,54.2,32.7,3,0.0
687,2021-11-18,56.1,66.2,49.2,61,0.102
688,2021-11-19,44.3,49.6,38.6,55,0.118
689,2021-11-20,39.6,44.1,32.4,3,0.0
690,2021-11-21,46.9,53.5,40.6,53,0.028
691,2021-11-22,47.3,52.4,36.6,51,0.055
692,2021-11-23,36.0,42.0,31.4,73,0.02
693,2021-11-24,35.9,44.7,29.3,3,0.0
694,2021-11-25,42.7,52.4,33.9,3,0.0
695,2021-11-26,42.4,45.5,35.1,61,0.331
696,2021-11-27,35.9,40.2,33.0,3,0.0
697,2021-11-28,35.8,40.2,32.6,73,0.079
698,2021-11-29,37.3,42.7,30.9,51,0.012
699,2021-11-30,34.3,40.6,27.5,51,0.008
700,2021-12-01,39.8,47.5,33.9,51,0.004
701,2021-12-02,50.1,56.5,42.3,53,0.083
702,2021-12-03,41.9,48.9,33.9,3,0.0
703,2021-12-04,39.8,47.2,32.7,3,0.0
704,2021-12-05,39.8,45.7,32.1,3,0.0
705,2021-12-06,54.1,61.4,47.1,61,0.217
706,2021-12-07,38.4,47.8,33.4,51,0.004
707,2021-12-08,36.8,40.6,33.0,51,0.02
708,2021-12-09,34.2,38.6,28.7,3,0.0
709,2021-12-10,41.5,47.4,35.1,3,0.0
710,2021-12-11,53.6,63.4,41.0,63,0.236
711,2021-12-12,44.1,54.8,38.1,53,0.035
712,2021-12-13,41.9,50.6,35.7,3,0.0
713,2021-12-14,42.7,50.9,36.0,3,0.0
714,2021-12-15,42.9,50.6,34.5,51,0.039
715,2021-12-16,53.1,58.2,49.8,3,0.0
716,2021-12-17,52.8,57.5,43.0,3,0.0
717,2021-12-18,42.0,44.3,40.1,61,0.146
718,2021-12-19,38.8,45.1,29.2,51,0.016
719,2021-12-20,29.8,35.3,24.0,2,0.0
720,2021-12-21,34.5,42.0,28.1,51,0.004
721,2021-12-22,39.6,46.6,32.1,61,0.161
722,2021-12-23,32.0,36.1,28.0,3,0.0
723,2021-12-24,34.6,42.4,29.2,75,0.079
724,2021-12-25,41.8,48.3,32.9,53,0.185
725,2021-12-26,43.4,47.8,37.7,51,0.008
726,2021-12-27,34.0,36.8,29.5,73,0.067
727,2021-12-28,41.3,47.2,36.9,51,0.016
728,2021-12-29,41.7,46.0,39.7,63,0.417
729,2021-12-30,43.5,47.4,41.0,53,0.122
730,2021-12-31,47.4,52.1,44.0,53,0.047
731,2022-01-01,49.2,52.9,45.5,63,0.685
732,2022-01-02,49.1,56.6,36.9,65,0.705
733,2022-01-03,29.8,35.7,24.4,73,0.075
734,2022-01-04,26.3,33.2,20.3,3,0.0
735,2022-01-05,35.6,44.7,28.3,51,0.012
736,2022-01-06,35.3,39.5,31.9,3,0.0
737,2022-01-07,28.8,31.6,21.9,75,0.354
738,2022-01-08,21.4,27.5,16.0,1,0.0
739,2022-01-09,32.6,39.2,23.1,53,0.197
740,2022-01-10,29.4,39.4,24.9,3,0.0
741,2022-01-11,19.3,24.5,16.5,2,0.0
742,2022-01-12,28.3,40.4,18.7,3,0.0
743,2022-01-13,33.6,44.6,26.1,3,0.0
744,2022-01-14,34.8,41.2,24.0,3,0.0
745,2022-01-15,17.5,22.7,12.2,3,0.0
746,2022-01-16,20.1,35.7,8.3,75,0.181
747,2022-01-17,38.3,48.6,32.4,71,1.409
748,2022-01-18,30.2,35.7,23.0,3,0.0
749,2022-01-19,35.1,45.8,24.2,3,0.0
750,2022-01-20,33.4,41.6,22.4,73,0.28
751,2022-01-21,17.4,22.8,11.6,3,0.0
752,2022-01-22,19.6,29.4,10.3,3,0.0
753,2022-01-23,28.0,37.1,21.2,71,0.012
754,2022-01-24,29.5,32.6,26.9,71,0.008
755,2022-01-25,34.7,43.7,25.3,3,0.0
756,2022-01-26,22.5,26.7,18.1,0,0.0
757,2022-01-27,22.5,31.8,15.3,3,0.0
758,2022-01-28,29.9,33.3,26.7,73,0.098
759,2022-01-29,16.7,28.8,9.3,75,0.732
760,2022-01-30,13.3,21.0,7.4,3,0.0
761,2022-01-31,12.7,26.0,0.6,3,0.0
762,2022-02-01,18.8,29.3,7.8,3,0.0
763,2022-02-02,29.7,38.4,19.1,3,0.0
764,2022-02-03,41.0,49.0,36.2,61,0.492
765,2022-02-04,39.3,53.1,28.4,71,0.945
766,2022-02-05,24.6,28.9,19.8,71,0.016
767,2022-02-06,22.2,29.5,16.2,3,0.0
768,2022-02-07,31.8,36.7,23.7,73,0.181
769,2022-02-08,36.7,46.5,29.7,61,0.169
770,2022-02-09,32.3,40.7,23.5,0,0.0
771,2022-02-10,39.5,52.0,31.2,51,0.004
772,2022-02-11,40.0,54.0,25.5,2,0.0
773,2022-02-12,49.7,56.3,42.9,3,0.0
774,2022-02-13,32.2,41.1,26.4,73,0.224
775,2022-02-14,19.5,26.1,13.8,3,0.0
776,2022-02-15,22.5,31.6,15.5,3,0.0
777,2022-02-16,33.3,43.3,23.1,3,0.0
778,2022-02-17,52.2,62.7,41.6,61,0.075
779,2022-02-18,44.3,59.9,27.0,63,0.508
780,2022-02-19,29.3,38.6,22.1,71,0.016
781,2022-02-20,27.3,36.9,20.4,3,0.0
782,2022-02-21,36.9,49.9,28.5,3,0.0
783,2022-02-22,46.8,57.9,32.6,61,0.201
784,2022-02-23,56.0,66.3,38.6,51,0.004
785,2022-02-24,31.6,36.1,29.0,3,0.0
786,2022-02-25,34.0,44.1,28.4,73,0.787
787,2022-02-26,28.5,37.5,20.3,3,0.0
788,2022-02-27,34.8,46.6,25.3,3,0.0
789,2022-02-28,29.7,34.8,23.7,3,0.0
790,2022-03-01,35.6,42.8,25.4,51,0.008
791,2022-03-02,41.8,51.1,33.8,3,0.0
792,2022-03-03,37.6,41.9,26.9,61,0.138
793,2022-03-04,27.4,37.9,19.3,3,0.0
794,2022-03-05,34.0,41.8,24.0,51,0.004
795,2022-03-06,53.9,67.2,37.7,53,0.079
796,2022-03-07,63.5,73.5,51.9,63,0.142
797,2022-03-08,41.6,55.7,35.3,3,0.0
798,2022-03-09,35.8,38.9,33.9,75,0.606
799,2022-03-10,37.1,47.8,28.6,3,0.0
800,2022-03-11,40.2,51.0,30.8,3,0.0
801,2022-03-12,34.4,43.8,24.4,75,0.606
802,2022-03-13,28.1,37.3,21.1,71,0.008
803,2022-03-14,41.6,56.0,27.5,3,0.0
804,2022-03-15,48.9,60.4,37.7,3,0.0
805,2022-03-16,49.2,61.7,37.7,51,0.004
806,2022-03-17,46.6,53.7,39.0,61,0.26
807,2022-03-18,53.2,69.5,45.3,3,0.0
808,2022-03-19,54.6,63.9,44.2,63,0.13
809,2022-03-20,51.8,59.1,44.7,51,0.004
810,2022-03-21,49.7,60.4,41.1,3,0.0
811,2022-03-22,47.2,55.6,40.2,3,0.0
812,2022-03-23,40.6,46.3,34.8,61,0.118
813,2022-03-24,44.8,49.5,38.6,63,0.909
814,2022-03-25,49.8,60.8,40.4,63,0.24
815,2022-03-26,46.3,50.3,40.7,73,0.228
816,2022-03-27,39.2,46.0,30.9,51,0.012
817,2022-03-28,27.3,32.5,22.5,71,0.004
818,2022-03-29,30.5,37.9,22.8,3,0.0
819,2022-03-30,34.6,42.3,25.8,3,0.0
820,2022-03-31,56.0,66.2,38.7,63,0.197
821,2022-04-01,51.6,59.3,41.8,55,0.075
822,2022-04-02,42.5,52.1,34.6,3,0.0
823,2022-04-03,42.5,47.4,38.3,61,0.138
824,2022-04-04,45.2,54.2,36.9,51,0.004
825,2022-04-05,44.0,53.8,34.3,53,0.075
826,2022-04-06,48.0,54.8,43.5,63,0.783
827,2022-04-07,47.6,52.2,42.8,65,2.291
828,2022-04-08,53.1,62.1,44.5,65,0.543
829,2022-04-09,48.6,57.2,41.4,61,0.22
830,2022-04-10,45.0,50.0,38.5,3,0.0
831,2022-04-11,45.5,55.0,35.7,3,0.0
832,2022-04-12,54.9,69.2,45.6,55,0.063
833,2022-04-13,56.0,65.1,45.1,3,0.0
834,2022-04-14,67.8,83.5,57.4,51,0.004
835,2022-04-15,56.8,67.4,43.2,51,0.004
836,2022-04-16,57.3,67.7,45.1,61,0.161
837,2022-04-17,45.1,50.4,39.4,51,0.024
838,2022-04-18,42.7,50.2,34.7,63,0.276
839,2022-04-19,46.3,52.3,40.5,63,1.087
840,2022-04-20,47.0,57.2,38.0,3,0.0
841,2022-04-21,48.8,55.4,40.6,51,0.012
842,2022-04-22,56.0,64.9,47.0,3,0.0
843,2022-04-23,50.4,58.2,43.8,3,0.0
844,2022-04-24,51.5,60.0,44.7,3,0.0
845,2022-04-25,50.2,58.1,43.0,3,0.0
846,2022-04-26,55.1,61.3,49.7,61,0.161
847,2022-04-27,49.9,55.8,41.1,53,0.031
848,2022-04-28,45.4,54.3,37.6,3,0.0
849,2022-04-29,48.6,59.6,37.7,0,0.0
850,2022-04-30,51.6,63.9,39.5,3,0.0
851,2022-05-01,52.9,65.5,41.6,53,0.039
852,2022-05-02,53.6,58.8,49.7,61,0.11
853,2022-05-03,52.8,65.1,45.0,3,0.0
854,2022-05-04,56.1,69.0,48.5,61,0.209
855,2022-05-05,60.5,71.3,52.0,3,0.0
856,2022-05-06,54.2,57.3,49.1,63,0.854
857,2022-05-07,47.5,50.8,44.2,63,1.126
858,2022-05-08,49.2,55.1,44.4,53,0.094
859,2022-05-09,53.9,65.6,42.5,3,0.0
860,2022-05-10,56.8,67.9,46.0,3,0.0
861,2022-05-11,58.2,70.0,47.6,3,0.0
862,2022-05-12,59.6,69.7,51.2,3,0.0
863,2022-05-13,61.4,70.4,56.8,51,0.071
864,2022-05-14,61.7,69.1,57.2,61,0.276
865,2022-05-15,64.2,76.4,57.8,53,0.039
866,2022-05-16,66.2,73.6,59.5,63,0.272
867,2022-05-17,63.9,73.6,52.8,1,0.0
868,2022-05-18,61.2,70.4,52.4,3,0.0
869,2022-05-19,60.0,71.3,54.4,63,0.555
870,2022-05-20,61.4,70.5,51.7,63,0.228
871,2022-05-21,73.5,89.7,61.0,3,0.0
872,2022-05-22,77.4,87.0,69.0,55,0.043
873,2022-05-23,66.5,72.5,60.0,3,0.0
874,2022-05-24,60.8,66.5,55.9,51,0.004
875,2022-05-25,58.2,66.3,51.9,3,0.0
876,2022-05-26,60.1,67.2,51.9,3,0.0
877,2022-05-27,67.3,74.6,61.2,63,0.484
878,2022-05-28,68.5,73.5,64.0,61,0.268
879,2022-05-29,66.6,76.2,56.8,3,0.0
880,2022-05-30,71.7,84.3,59.0,3,0.0
881,2022-05-31,80.7,92.5,69.6,3,0.0
882,2022-06-01,64.6,70.8,60.2,63,0.346
883,2022-06-02,69.2,80.3,60.8,61,0.295
884,2022-06-03,69.1,75.8,64.9,55,0.087
885,2022-06-04,67.9,79.5,56.1,1,0.0
886,2022-06-05,65.3,74.8,55.6,3,0.0
887,2022-06-06,67.7,78.8,55.6,3,0.0
888,2022-06-07,67.6,76.2,58.0,53,0.035
889,2022-06-08,73.1,84.8,66.5,51,0.016
890,2022-06-09,73.0,82.6,65.8,63,0.37
891,2022-06-10,68.8,79.0,58.9,3,0.0
892,2022-06-11,68.4,75.6,60.1,51,0.031
893,2022-06-12,66.3,72.8,60.7,61,0.327
894,2022-06-13,73.4,81.5,62.9,55,0.181
895,2022-06-14,72.5,82.0,65.9,3,0.0
896,2022-06-15,70.5,80.3,63.4,3,0.0
897,2022-06-16,68.0,73.5,63.6,63,0.516
898,2022-06-17,77.2,89.5,66.7,3,0.0
899,2022-06-18,66.5,71.3,60.0,3,0.0
900,2022-06-19,63.4,71.8,54.6,3,0.0
901,2022-06-20,67.4,79.5,55.5,3,0.0
902,2022-06-21,68.0,79.5,57.3,53,0.083
903,2022-06-22,65.3,68.6,62.3,53,0.106
904,2022-06-23,66.5,72.0,60.6,51,0.039
905,2022-06-24,69.3,78.5,58.5,51,0.024
906,2022-06-25,75.6,90.3,64.5,2,0.0
907,2022-06-26,76.6,87.3,67.9,3,0.0
908,2022-06-27,74.5,79.8,67.2,61,0.335
909,2022-06-28,72.2,82.0,66.4,51,0.008
910,2022-06-29,72.8,84.3,62.7,3,0.0
911,2022-06-30,75.4,88.8,63.3,2,0.0
912,2022-07-01,79.5,92.6,68.6,3,0.0
913,2022-07-02,78.3,86.3,73.2,63,0.575
914,2022-07-03,77.9,87.9,70.2,51,0.004
915,2022-07-04,75.3,86.1,64.3,3,0.0
916,2022-07-05,75.5,86.3,68.1,51,0.035
917,2022-07-06,79.9,89.1,71.1,51,0.004
918,2022-07-07,74.7,80.5,68.5,3,0.0
919,2022-07-08,74.3,84.0,67.2,51,0.055
920,2022-07-09,75.5,85.2,69.2,3,0.0
921,2022-07-10,72.7,80.9,65.4,3,0.0
922,2022-07-11,72.5,83.1,63.6,1,0.0
923,2022-07-12,79.3,92.9,66.9,51,0.024
924,2022-07-13,80.1,90.8,70.5,3,0.0
925,2022-07-14,79.3,88.7,70.8,51,0.012
926,2022-07-15,75.9,83.2,69.0,51,0.004
927,2022-07-16,74.1,81.8,68.3,63,0.516
928,2022-07-17,75.3,82.2,68.0,53,0.039
929,2022-07-18,77.2,86.1,72.3,63,0.512
930,2022-07-19,80.6,92.5,70.3,3,0.0
931,2022-07-20,82.6,93.0,72.3,1,0.0
932,2022-07-21,83.5,92.4,76.3,63,0.102
933,2022-07-22,81.5,93.4,70.8,2,0.0
934,2022-07-23,82.6,93.9,73.2,3,0.0
935,2022-07-24,85.8,96.6,75.2,3,0.0
936,2022-07-25,81.0,88.6,77.1,65,0.945
937,2022-07-26,76.4,83.9,68.0,51,0.004
938,2022-07-27,74.7,82.5,64.5,3,0.0
939,2022-07-28,78.8,87.0,71.8,53,0.051
940,2022-07-29,79.6,87.0,72.0,51,0.016
941,2022-07-30,79.4,89.7,71.7,53,0.031
942,2022-07-31,75.8,83.4,66.2,3,0.0
943,2022-08-01,73.9,79.1,69.3,63,0.291
944,2022-08-02,80.3,91.9,70.3,3,0.0
945,2022-08-03,78.0,90.3,70.2,3,0.0
946,2022-08-04,80.7,91.5,70.2,3,0.0
947,2022-08-05,82.2,91.0,73.5,51,0.016
948,2022-08-06,81.9,90.4,74.0,53,0.047
949,2022-08-07,82.8,93.5,74.4,63,0.201
950,2022-08-08,85.1,94.2,77.7,51,0.028
951,2022-08-09,86.0,99.3,79.0,63,0.28
952,2022-08-10,79.4,90.7,73.5,51,0.004
953,2022-08-11,79.4,89.9,73.5,53,0.031
954,2022-08-12,77.0,84.3,70.3,3,0.0
955,2022-08-13,71.6,80.7,63.8,1,0.0
956,2022-08-14,71.7,80.5,62.0,3,0.0
957,2022-08-15,72.5,81.2,64.4,51,0.004
958,2022-08-16,72.8,82.5,64.7,3,0.0
959,2022-08-17,72.5,80.5,64.8,51,0.008
960,2022-08-18,74.7,87.2,62.9,51,0.004
961,2022-08-19,76.0,88.8,63.9,3,0.0
962,2022-08-20,78.4,88.8,69.9,51,0.012
963,2022-08-21,75.1,81.9,67.9,3,0.0
964,2022-08-22,73.0,75.9,70.8,63,0.701
965,2022-08-23,75.2,84.3,69.4,63,0.228
966,2022-08-24,77.2,88.3,67.2,2,0.0
967,2022-08-25,77.6,88.8,66.7,3,0.0
968,2022-08-26,76.3,84.9,69.9,65,0.65
969,2022-08-27,76.9,85.2,68.4,2,0.0
970,2022-08-28,74.8,81.1,70.9,51,0.051
971,2022-08-29,76.2,83.2,70.0,51,0.008
972,2022-08-30,77.4,86.0,70.9,53,0.067
973,2022-08-31,75.7,83.9,69.1,53,0.024
974,2022-09-01,75.4,85.8,66.9,2,0.0
975,2022-09-02,68.6,77.0,60.3,3,0.0
976,2022-09-03,71.3,79.1,63.7,3,0.0
977,2022-09-04,75.7,86.3,68.4,53,0.051
978,2022-09-05,75.5,83.1,69.9,63,0.205
979,2022-09-06,70.4,72.1,68.3,63,1.252
980,2022-09-07,68.6,73.1,65.6,55,0.091
981,2022-09-08,69.1,75.0,64.4,51,0.004
982,2022-09-09,69.0,79.3,61.3,0,0.0
983,2022-09-10,70.2,81.3,59.6,3,0.0
984,2022-09-11,69.5,76.2,65.2,61,0.61
985,2022-09-12,73.4,82.1,68.8,63,0.402
986,2022-09-13,72.7,78.7,68.8,61,0.272
987,2022-09-14,69.4,80.2,60.4,3,0.0
988,2022-09-15,66.3,71.7,60.5,1,0.0
989,2022-09-16,64.0,75.3,53.3,3,0.0
990,2022-09-17,67.0,72.5,62.4,3,0.0
991,2022-09-18,72.5,84.2,62.8,3,0.0
992,2022-09-19,73.8,86.1,66.3,55,0.071
993,2022-09-20,70.6,78.4,64.1,2,0.0
994,2022-09-21,68.7,78.8,60.9,3,0.0
995,2022-09-22,67.5,77.5,58.0,63,0.295
996,2022-09-23,55.7,61.8,50.2,1,0.0
997,2022-09-24,57.7,69.2,49.2,3,0.0
998,2022-09-25,62.9,75.8,53.1,61,0.094
999,2022-09-26,64.7,74.5,55.9,3,0.0
1000,2022-09-27,62.3,70.4,56.0,3,0.0
1001,2022-09-28,60.3,69.7,50.5,3,0.0
1002,2022-09-29,59.3,66.4,52.4,3,0.0
1003,2022-09-30,56.8,62.0,51.1,51,0.004
1004,2022-10-01,57.9,63.3,52.8,65,0.854
1005,2022-10-02,55.3,59.0,50.8,63,0.496
1006,2022-10-03,50.4,53.3,48.1,63,0.732
1007,2022-10-04,51.0,54.8,46.7,65,7.37
1008,2022-10-05,57.0,60.6,54.1,63,0.303
1009,2022-10-06,60.5,72.6,51.8,3,0.0
1010,2022-10-07,63.0,75.2,52.6,51,0.008
1011,2022-10-08,52.9,58.5,44.7,53,0.02
1012,2022-10-09,51.3,61.4,42.6,1,0.0
1013,2022-10-10,55.4,67.7,45.1,3,0.0
1014,2022-10-11,55.8,67.2,45.5,0,0.0
1015,2022-10-12,57.4,66.4,48.3,3,0.0
1016,2022-10-13,63.0,69.5,55.5,61,0.22
1017,2022-10-14,57.0,66.5,50.7,63,0.335
1018,2022-10-15,56.2,66.1,45.6,1,0.0
1019,2022-10-16,55.4,63.6,49.9,3,0.0
1020,2022-10-17,58.3,65.8,51.1,55,0.161
1021,2022-10-18,51.1,56.4,45.1,51,0.028
1022,2022-10-19,46.8,53.9,39.7,3,0.0
1023,2022-10-20,49.1,57.7,41.5,0,0.0
1024,2022-10-21,51.0,60.6,42.5,0,0.0
1025,2022-10-22,52.7,63.6,42.9,3,0.0
1026,2022-10-23,54.9,59.6,49.6,63,0.693
1027,2022-10-24,57.2,61.4,53.5,63,0.476
1028,2022-10-25,63.6,69.0,58.4,53,0.102
1029,2022-10-26,64.7,69.9,60.0,51,0.016
1030,2022-10-27,57.5,63.2,50.4,0,0.0
1031,2022-10-28,49.0,55.3,43.8,3,0.0
1032,2022-10-29,48.5,57.7,41.1,1,0.0
1033,2022-10-30,49.1,60.9,39.6,3,0.0
1034,2022-10-31,55.9,63.0,50.2,63,0.26
1035,2022-11-01,60.0,67.3,55.4,63,0.295
1036,2022-11-02,58.5,67.9,50.9,0,0.0
1037,2022-11-03,54.0,63.9,47.1,0,0.0
1038,2022-11-04,56.7,67.2,46.4,3,0.0
1039,2022-11-05,64.7,73.2,58.7,3,0.0
1040,2022-11-06,67.8,74.4,63.7,63,0.11
1041,2022-11-07,67.2,74.8,58.0,51,0.031
1042,2022-11-08,50.8,56.0,46.0,2,0.0
1043,2022-11-09,45.1,50.7,39.6,3,0.0
1044,2022-11-10,52.0,63.0,44.0,3,0.0
1045,2022-11-11,60.5,65.7,52.9,65,0.996
1046,2022-11-12,65.4,69.0,57.6,53,0.071
1047,2022-11-13,50.8,57.1,42.6,55,0.114
1048,2022-11-14,40.6,45.6,36.0,1,0.0
1049,2022-11-15,39.7,45.6,34.5,61,0.236
1050,2022-11-16,45.3,52.0,39.2,63,0.492
1051,2022-11-17,40.0,46.7,35.6,3,0.0
1052,2022-11-18,37.8,43.6,32.4,71,0.008
1053,2022-11-19,34.6,39.7,28.9,2,0.0
1054,2022-11-20,32.8,35.9,28.4,71,0.004
1055,2022-11-21,32.4,39.3,25.5,3,0.0
1056,2022-11-22,40.1,48.9,32.2,1,0.0
1057,2022-11-23,42.4,52.9,34.5,0,0.0
1058,2022-11-24,41.4,50.8,33.4,3,0.0
1059,2022-11-25,45.6,53.4,40.2,61,0.15
1060,2022-11-26,45.4,54.0,39.9,3,0.0
1061,2022-11-27,48.1,56.7,41.1,63,0.48
1062,2022-11-28,49.2,53.4,40.6,3,0.0
1063,2022-11-29,37.7,42.9,32.2,3,0.0
1064,2022-11-30,46.7,54.9,34.4,63,0.587
1065,2022-12-01,37.5,42.9,32.6,3,0.0
1066,2022-12-02,34.5,41.0,26.4,3,0.0
1067,2022-12-03,49.7,55.9,39.3,63,0.346
1068,2022-12-04,39.0,44.2,32.3,3,0.0
1069,2022-12-05,35.4,43.5,27.2,3,0.0
1070,2022-12-06,46.8,54.2,33.0,61,0.453
1071,2022-12-07,54.7,57.9,52.2,61,0.413
1072,2022-12-08,48.0,52.6,42.4,3,0.0
1073,2022-12-09,38.0,44.5,33.2,0,0.0
1074,2022-12-10,34.4,40.3,29.3,3,0.0
1075,2022-12-11,36.9,39.4,33.7,75,0.421
1076,2022-12-12,33.9,39.4,27.9,73,0.043
1077,2022-12-13,30.2,40.6,23.9,0,0.0
1078,2022-12-14,32.5,39.8,28.7,3,0.0
1079,2022-12-15,35.5,40.3,29.3,63,0.681
1080,2022-12-16,40.6,43.7,38.0,73,0.571
1081,2022-12-17,38.7,44.3,33.5,51,0.012
1082,2022-12-18,33.2,39.1,27.3,3,0.0
1083,2022-12-19,32.3,38.3,27.8,1,0.0
1084,2022-12-20,32.2,38.5,28.0,2,0.0
1085,2022-12-21,30.4,37.3,24.7,3,0.0
1086,2022-12-22,36.8,43.9,27.6,63,0.374
1087,2022-12-23,37.9,54.6,8.9,73,0.906
1088,2022-12-24,12.4,23.5,7.5,3,0.0
1089,2022-12-25,20.4,28.9,13.7,0,0.0
1090,2022-12-26,23.3,30.2,17.4,3,0.0
1091,2022-12-27,28.9,36.9,22.9,3,0.0
1092,2022-12-28,33.0,43.9,24.8,3,0.0
1093,2022-12-29,36.9,47.2,30.0,3,0.0
1094,2022-12-30,43.0,56.1,34.3,3,0.0
1095,2022-12-31,47.4,51.7,42.4,61,0.248
1096,2023-01-01,47.9,53.2,40.6,55,0.083
1097,2023-01-02,45.9,54.8,39.9,51,0.02
1098,2023-01-03,48.9,54.8,43.0,63,0.374
1099,2023-01-04,55.3,64.1,48.9,53,0.091
1100,2023-01-05,49.8,55.4,45.1,3,0.0
1101,2023-01-06,42.9,47.4,37.6,61,0.378
1102,2023-01-07,38.4,46.5,32.6,3,0.0
1103,2023-01-08,34.1,39.3,27.6,3,0.0
1104,2023-01-09,37.3,44.7,33.0,71,0.059
1105,2023-01-10,36.5,43.0,31.9,3,0.0
1106,2023-01-11,33.6,38.7,29.6,3,0.0
1107,2023-01-12,41.2,49.2,30.7,63,0.469
1108,2023-01-13,48.4,54.6,37.3,51,0.063
1109,2023-01-14,33.6,36.9,30.8,3,0.0
1110,2023-01-15,32.9,41.0,28.6,3,0.0
1111,2023-01-16,34.5,46.5,27.5,1,0.0
1112,2023-01-17,36.2,45.1,28.1,53,0.055
1113,2023-01-18,43.7,51.1,37.0,53,0.067
1114,2023-01-19,39.0,41.9,36.0,63,0.925
1115,2023-01-20,41.5,47.9,35.0,53,0.024
1116,2023-01-21,36.7,42.8,28.4,51,0.008
1117,2023-01-22,34.3,41.8,25.6,61,0.213
1118,2023-01-23,36.2,37.2,33.9,73,0.665
1119,2023-01-24,35.9,45.6,29.8,3,0.0
1120,2023-01-25,35.7,50.8,27.4,73,0.787
1121,2023-01-26,45.2,53.1,37.0,63,0.571
1122,2023-01-27,35.7,42.8,28.9,3,0.0
1123,2023-01-28,39.6,51.3,30.3,3,0.0
1124,2023-01-29,41.8,50.6,32.0,3,0.0
1125,2023-01-30,42.8,52.8,36.1,3,0.0
1126,2023-01-31,37.8,43.4,32.6,73,0.098
1127,2023-02-01,30.6,37.5,25.8,73,0.063
1128,2023-02-02,31.3,39.1,23.8,3,0.0
1129,2023-02-03,23.8,32.2,12.5,3,0.0
1130,2023-02-04,14.5,24.8,2.0,3,0.0
1131,2023-02-05,34.2,48.2,23.2,3,0.0
1132,2023-02-06,39.2,50.1,30.0,3,0.0
1133,2023-02-07,32.4,38.4,24.4,71,0.102
1134,2023-02-08,40.4,50.5,33.8,53,0.028
1135,2023-02-09,40.2,51.8,28.5,3,0.0
1136,2023-02-10,51.9,57.1,42.5,3,0.0
1137,2023-02-11,38.3,43.8,32.5,3,0.0
1138,2023-02-12,36.8,44.0,30.7,73,0.031
1139,2023-02-13,43.6,55.7,36.2,73,0.071
1140,2023-02-14,43.0,52.2,36.3,3,0.0
1141,2023-02-15,50.0,62.3,37.2,3,0.0
1142,2023-02-16,54.5,66.3,48.3,61,0.114
1143,2023-02-17,49.2,59.4,32.3,61,0.319
1144,2023-02-18,33.3,42.0,26.9,2,0.0
1145,2023-02-19,39.0,46.4,31.1,3,0.0
1146,2023-02-20,47.8,59.3,41.7,3,0.0
1147,2023-02-21,39.7,46.7,35.3,73,0.28
1148,2023-02-22,36.2,41.8,30.3,73,0.173
1149,2023-02-23,39.9,45.6,36.5,51,0.024
1150,2023-02-24,38.8,45.1,27.9,3,0.0
1151,2023-02-25,26.3,32.1,21.7,71,0.028
1152,2023-02-26,35.7,50.1,24.9,3,0.0
1153,2023-02-27,34.5,40.6,27.8,75,0.15
1154,2023-02-28,33.5,35.6,30.7,75,0.516
1155,2023-03-01,35.2,42.2,27.2,75,0.134
1156,2023-03-02,43.9,56.4,35.7,53,0.059
1157,2023-03-03,37.7,45.2,28.9,61,0.11
1158,2023-03-04,41.4,44.6,37.5,65,1.646
1159,2023-03-05,41.6,53.7,31.0,3,0.0
1160,2023-03-06,42.3,50.1,34.2,3,0.0
1161,2023-03-07,38.4,45.1,33.8,73,0.106
1162,2023-03-08,36.9,48.7,27.9,3,0.0
1163,2023-03-09,39.5,50.5,30.8,3,0.0
1164,2023-03-10,37.6,45.1,29.4,63,0.287
1165,2023-03-11,39.3,44.3,34.8,75,0.516
1166,2023-03-12,37.8,45.8,29.8,3,0.0
1167,2023-03-13,40.1,42.3,38.3,61,0.657
1168,2023-03-14,35.5,37.8,33.8,73,0.48
1169,2023-03-15,37.6,44.4,33.2,3,0.0
1170,2023-03-16,41.6,55.8,29.4,3,0.0
1171,2023-03-17,47.0,57.5,36.2,3,0.0
1172,2023-03-18,45.4,51.6,37.2,51,0.028
1173,2023-03-19,33.8,38.4,26.7,3,0.0
1174,2023-03-20,37.4,51.0,25.8,0,0.0
1175,2023-03-21,45.1,60.1,30.0,3,0.0
1176,2023-03-22,45.8,55.6,35.9,3,0.0
1177,2023-03-23,51.0,58.6,41.1,61,0.11
1178,2023-03-24,47.3,55.2,41.9,51,0.008
1179,2023-03-25,41.8,45.2,37.0,63,0.453
1180,2023-03-26,48.5,58.8,37.5,3,0.0
1181,2023-03-27,45.8,58.4,36.3,61,0.102
1182,2023-03-28,43.5,51.9,37.3,51,0.024
1183,2023-03-29,41.2,51.5,31.6,3,0.0
1184,2023-03-30,37.6,45.3,29.1,51,0.004
1185,2023-03-31,42.4,49.8,30.3,3,0.0
1186,2023-04-01,58.4,67.2,49.0,63,0.398
1187,2023-04-02,44.2,50.9,37.5,3,0.0
1188,2023-04-03,44.4,55.8,31.4,3,0.0
1189,2023-04-04,55.6,65.4,42.4,3,0.0
1190,2023-04-05,52.8,56.2,48.5,51,0.016
1191,2023-04-06,61.6,79.4,50.9,61,0.13
1192,2023-04-07,51.9,56.8,44.0,3,0.0
1193,2023-04-08,42.6,50.4,34.8,3,0.0
1194,2023-04-09,43.2,52.8,33.9,3,0.0
1195,2023-04-10,48.1,63.8,35.7,0,0.0
1196,2023-04-11,58.4,73.1,43.3,3,0.0
1197,2023-04-12,68.5,81.2,59.7,3,0.0
1198,2023-04-13,71.4,87.7,53.2,0,0.0
1199,2023-04-14,71.3,85.0,56.6,3,0.0
1200,2023-04-15,63.5,69.4,57.9,63,0.197
1201,2023-04-16,60.1,69.4,53.8,3,0.0
1202,2023-04-17,57.7,67.8,52.6,63,0.122
1203,2023-04-18,52.0,57.7,44.5,51,0.004
1204,2023-04-19,50.4,63.2,39.4,3,0.0
1205,2023-04-20,50.5,60.3,42.1,3,0.0
1206,2023-04-21,55.3,66.0,46.4,3,0.0
1207,2023-04-22,57.4,67.2,49.5,63,0.618
1208,2023-04-23,58.0,66.3,51.9,63,0.724
1209,2023-04-24,51.9,60.9,43.0,3,0.0
1210,2023-04-25,50.4,59.1,41.7,51,0.012
1211,2023-04-26,49.7,56.7,42.8,53,0.035
1212,2023-04-27,50.8,56.0,44.9,51,0.028
1213,2023-04-28,49.4,55.2,43.9,61,0.24
1214,2023-04-29,51.0,53.7,47.4,63,2.343
1215,2023-04-30,54.7,58.5,50.6,63,0.874
1216,2023-05-01,54.5,60.0,45.3,53,0.071
1217,2023-05-02,50.4,55.9,46.8,51,0.031
1218,2023-05-03,48.7,54.3,42.0,51,0.028
1219,2023-05-04,50.0,57.7,43.1,53,0.067
1220,2023-05-05,52.5,62.6,44.1,63,0.138
1221,2023-05-06,57.3,69.6,43.6,3,0.0
1222,2023-05-07,61.1,74.5,48.4,3,0.0
1223,2023-05-08,64.4,74.4,54.8,3,0.0
1224,2023-05-09,57.2,66.4,49.2,3,0.0
1225,2023-05-10,57.5,69.9,44.6,1,0.0
1226,2023-05-11,63.8,77.4,48.9,3,0.0
1227,2023-05-12,69.7,84.9,55.1,3,0.0
1228,2023-05-13,71.3,81.0,63.4,3,0.0
1229,2023-05-14,63.4,72.9,54.4,3,0.0
1230,2023-05-15,63.2,77.3,49.2,3,0.0
1231,2023-05-16,68.2,81.6,54.7,3,0.0
1232,2023-05-17,58.9,65.4,50.9,3,0.0
1233,2023-05-18,51.7,57.3,44.0,0,0.0
1234,2023-05-19,58.5,66.9,50.6,3,0.0
1235,2023-05-20,60.2,63.4,56.2,63,1.059
1236,2023-05-21,62.8,71.0,55.1,53,0.024
1237,2023-05-22,62.0,73.1,53.8,51,0.008
1238,2023-05-23,57.9,66.7,51.7,3,0.0
1239,2023-05-24,59.8,71.1,49.5,53,0.028
1240,2023-05-25,58.1,66.3,49.9,3,0.0
1241,2023-05-26,60.7,71.7,49.8,1,0.0
1242,2023-05-27,62.6,75.5,49.5,3,0.0
1243,2023-05-28,63.6,74.3,52.7,3,0.0
1244,2023-05-29,65.0,76.2,56.5,3,0.0
1245,2023-05-30,59.9,68.3,52.8,0,0.0
1246,2023-05-31,60.7,72.4,51.0,1,0.0
1247,2023-06-01,66.8,81.0,53.8,3,0.0
1248,2023-06-02,71.9,87.0,59.0,3,0.0
1249,2023-06-03,64.8,68.0,57.1,61,0.138
1250,2023-06-04,59.7,70.3,50.5,51,0.004
1251,2023-06-05,63.8,74.9,52.5,3,0.0
1252,2023-06-06,66.9,78.1,58.0,51,0.008
1253,2023-06-07,65.6,76.9,55.5,2,0.0
1254,2023-06-08,62.0,72.0,51.0,2,0.0
1255,2023-06-09,62.1,72.8,52.8,53,0.035
1256,2023-06-10,66.0,79.1,53.8,51,0.008
1257,2023-06-11,70.0,80.6,61.2,3,0.0
1258,2023-06-12,69.5,74.9,66.3,63,0.335
1259,2023-06-13,69.5,79.2,60.8,3,0.0
1260,2023-06-14,65.0,76.2,58.4,63,0.374
1261,2023-06-15,68.5,78.9,58.7,3,0.0
1262,2023-06-16,66.3,78.2,59.0,63,0.425
1263,2023-06-17,67.7,77.5,58.3,51,0.004
1264,2023-06-18,70.3,79.4,60.0,3,0.0
1265,2023-06-19,68.6,77.1,61.0,53,0.055
1266,2023-06-20,66.8,74.0,61.3,3,0.0
1267,2023-06-21,65.5,72.9,59.6,51,0.012
1268,2023-06-22,64.4,69.6,59.5,51,0.012
1269,2023-06-23,67.4,72.9,62.4,63,0.488
1270,2023-06-24,70.6,78.0,66.3,63,0.835
1271,2023-06-25,73.1,83.1,65.3,53,0.075
1272,2023-06-26,70.9,77.7,66.1,61,0.181
1273,2023-06-27,70.9,79.1,66.6,65,0.736
1274,2023-06-28,72.8,83.3,65.7,53,0.083
1275,2023-06-29,71.9,83.3,60.9,3,0.0
1276,2023-06-30,73.2,84.3,62.5,3,0.0
1277,2023-07-01,72.3,80.1,63.6,3,0.0
1278,2023-07-02,75.7,87.9,68.3,63,0.634
1279,2023-07-03,77.7,87.8,71.9,65,0.701
1280,2023-07-04,76.2,84.6,70.0,61,0.213
1281,2023-07-05,79.0,89.8,69.6,3,0.0
1282,2023-07-06,78.5,88.0,70.4,0,0.0
1283,2023-07-07,77.1,85.2,71.0,51,0.024
1284,2023-07-08,77.5,85.0,72.3,53,0.173
1285,2023-07-09,73.5,80.2,70.5,63,0.728
1286,2023-07-10,75.4,83.4,70.0,53,0.051
1287,2023-07-11,76.3,88.8,62.5,0,0.0
1288,2023-07-12,79.8,91.2,67.1,3,0.0
1289,2023-07-13,80.2,89.1,70.0,51,0.008
1290,2023-07-14,75.7,82.5,70.1,65,1.441
1291,2023-07-15,76.3,84.8,68.5,63,0.315
1292,2023-07-16,74.9,78.5,71.0,65,1.63
1293,2023-07-17,77.7,88.9,67.8,51,0.004
1294,2023-07-18,76.6,85.1,70.2,63,0.327
1295,2023-07-19,73.1,81.3,65.5,55,0.15
1296,2023-07-20,75.2,83.1,67.7,51,0.02
1297,2023-07-21,75.5,84.9,71.0,53,0.138
1298,2023-07-22,74.1,82.9,65.1,3,0.0
1299,2023-07-23,74.7,85.9,62.9,51,0.02
1300,2023-07-24,75.4,83.4,65.2,61,0.075
1301,2023-07-25,73.5,83.4,66.3,63,0.354
1302,2023-07-26,74.7,85.9,62.5,51,0.016
1303,2023-07-27,80.7,92.7,71.8,51,0.028
1304,2023-07-28,81.5,93.3,70.2,3,0.0
1305,2023-07-29,81.8,92.7,73.7,61,0.169
1306,2023-07-30,71.4,79.0,63.6,3,0.0
1307,2023-07-31,72.5,84.8,59.7,2,0.0
1308,2023-08-01,71.3,80.4,62.4,1,0.0
1309,2023-08-02,69.4,81.6,57.9,3,0.0
1310,2023-08-03,70.5,79.1,59.8,51,0.035
1311,2023-08-04,73.3,81.2,64.9,51,0.035
1312,2023-08-05,75.7,87.0,64.6,51,0.008
1313,2023-08-06,75.2,85.5,64.4,3,0.0
1314,2023-08-07,75.2,81.6,71.4,65,1.492
1315,2023-08-08,74.7,80.6,70.6,65,0.598
1316,2023-08-09,75.6,84.8,67.2,51,0.004
1317,2023-08-10,71.3,77.6,65.5,63,0.469
1318,2023-08-11,73.8,84.3,64.4,51,0.004
1319,2023-08-12,72.7,82.4,62.6,63,0.339
1320,2023-08-13,77.3,87.0,70.5,53,0.114
1321,2023-08-14,75.9,87.3,65.4,55,0.051
1322,2023-08-15,74.9,80.4,69.9,65,0.799
1323,2023-08-16,73.0,79.6,69.1,55,0.157
1324,2023-08-17,72.9,78.0,68.3,61,0.232
1325,2023-08-18,74.4,80.2,67.1,61,0.122
1326,2023-08-19,69.0,79.2,59.4,3,0.0
1327,2023-08-20,72.5,85.5,59.1,3,0.0
1328,2023-08-21,76.7,87.7,64.9,51,0.004
1329,2023-08-22,71.6,78.7,64.0,3,0.0
1330,2023-08-23,68.4,77.7,60.5,3,0.0
1331,2023-08-24,70.1,75.7,66.9,53,0.087
1332,2023-08-25,74.0,82.1,68.7,63,0.437
1333,2023-08-26,76.1,86.1,67.5,51,0.016
1334,2023-08-27,73.4,82.7,64.9,51,0.02
1335,2023-08-28,70.7,76.7,65.7,51,0.043
1336,2023-08-29,72.4,81.5,63.6,53,0.063
1337,2023-08-30,75.6,85.0,69.5,53,0.028
1338,2023-08-31,68.7,77.0,62.6,3,0.0
1339,2023-09-01,65.7,75.7,56.4,0,0.0
1340,2023-09-02,67.2,80.2,55.0,3,0.0
1341,2023-09-03,77.1,89.9,64.1,51,0.012
1342,2023-09-04,80.2,92.6,67.4,55,0.047
1343,2023-09-05,82.3,95.3,71.5,3,0.0
1344,2023-09-06,83.7,96.3,73.0,3,0.0
1345,2023-09-07,81.6,95.1,70.5,63,0.15
1346,2023-09-08,77.0,88.8,68.4,63,0.563
1347,2023-09-09,74.4,84.3,69.0,63,0.335
1348,2023-09-10,71.1,75.9,67.0,63,0.65
1349,2023-09-11,72.8,81.5,67.5,61,0.173
1350,2023-09-12,73.2,83.8,66.1,51,0.008
1351,2023-09-13,71.9,79.7,67.2,63,0.673
1352,2023-09-14,68.3,76.7,62.4,3,0.0
1353,2023-09-15,62.8,70.3,56.3,3,0.0
1354,2023-09-16,65.9,75.7,59.1,3,0.0
1355,2023-09-17,64.8,75.3,52.9,51,0.02
1356,2023-09-18,65.7,70.4,61.6,63,0.547
1357,2023-09-19,64.0,73.9,55.8,0,0.0
1358,2023-09-20,62.7,74.0,52.8,3,0.0
1359,2023-09-21,62.0,72.7,52.5,3,0.0
1360,2023-09-22,62.7,72.0,55.1,3,0.0
1361,2023-09-23,58.9,60.8,56.2,65,1.665
1362,2023-09-24,62.7,67.3,60.5,63,0.681
1363,2023-09-25,60.7,62.8,57.5,63,0.689
1364,2023-09-26,59.1,62.3,55.8,61,0.335
1365,2023-09-27,56.4,63.6,48.5,3,0.0
1366,2023-09-28,57.5,65.4,51.0,51,0.004
1367,2023-09-29,59.0,62.6,55.5,65,2.752
1368,2023-09-30,61.1,70.8,55.1,53,0.039
1369,2023-10-01,65.8,76.8,57.2,0,0.0
1370,2023-10-02,67.4,77.4,60.1,3,0.0
1371,2023-10-03,66.4,81.0,55.3,3,0.0
1372,2023-10-04,67.8,81.7,58.4,3,0.0
1373,2023-10-05,63.9,75.0,55.2,3,0.0
1374,2023-10-06,67.4,72.1,63.3,53,0.102
1375,2023-10-07,62.5,68.9,52.9,65,2.378
1376,2023-10-08,54.9,62.1,48.6,3,0.0
1377,2023-10-09,52.4,59.9,44.8,51,0.004
1378,2023-10-10,55.7,64.1,45.8,3,0.0
1379,2023-10-11,56.9,69.0,46.4,3,0.0
1380,2023-10-12,56.5,69.6,44.7,3,0.0
1381,2023-10-13,54.8,63.5,47.4,3,0.0
1382,2023-10-14,50.6,53.1,48.6,63,0.594
1383,2023-10-15,53.5,61.7,48.8,53,0.047
1384,2023-10-16,52.6,63.6,44.4,51,0.008
1385,2023-10-17,53.6,62.0,46.5,51,0.024
1386,2023-10-18,53.6,62.7,44.0,51,0.012
1387,2023-10-19,54.6,64.2,44.7,3,0.0
1388,2023-10-20,59.1,62.8,54.7,65,1.071
1389,2023-10-21,57.9,63.6,54.7,61,0.232
1390,2023-10-22,52.4,56.7,48.2,3,0.0
1391,2023-10-23,50.7,60.7,45.0,3,0.0
1392,2023-10-24,50.8,63.6,39.4,3,0.0
1393,2023-10-25,57.4,71.4,45.6,3,0.0
1394,2023-10-26,62.4,78.4,48.5,3,0.0
1395,2023-10-27,63.2,76.1,54.1,3,0.0
1396,2023-10-28,68.8,80.4,61.0,3,0.0
1397,2023-10-29,54.7,60.9,50.9,63,0.272
1398,2023-10-30,56.6,66.2,50.3,53,0.079
1399,2023-10-31,48.2,50.8,43.8,51,0.008
1400,2023-11-01,43.8,49.2,37.9,53,0.138
1401,2023-11-02,39.5,49.2,31.2,3,0.0
1402,2023-11-03,43.4,55.4,32.2,1,0.0
1403,2023-11-04,47.2,58.7,38.3,3,0.0
1404,2023-11-05,50.4,62.4,39.8,3,0.0
1405,2023-11-06,46.2,53.5,38.8,51,0.004
1406,2023-11-07,56.9,68.2,50.9,63,0.224
1407,2023-11-08,45.1,51.2,39.8,3,0.0
1408,2023-11-09,48.3,59.2,36.6,51,0.016
1409,2023-11-10,46.4,51.0,41.9,51,0.012
1410,2023-11-11,44.8,53.7,38.9,3,0.0
1411,2023-11-12,37.0,44.6,31.4,3,0.0
1412,2023-11-13,37.4,47.8,27.9,3,0.0
1413,2023-11-14,42.7,51.9,35.0,3,0.0
1414,2023-11-15,40.6,51.2,29.7,3,0.0
1415,2023-11-16,47.6,63.8,35.1,3,0.0
1416,2023-11-17,52.5,66.9,39.5,3,0.0
1417,2023-11-18,49.8,55.5,37.9,51,0.047
1418,2023-11-19,42.6,54.1,33.7,1,0.0
1419,2023-11-20,37.4,44.6,30.1,3,0.0
1420,2023-11-21,38.7,46.9,29.4,61,0.311
1421,2023-11-22,51.9,57.7,46.5,63,0.972
1422,2023-11-23,46.2,51.9,41.0,3,0.0
1423,2023-11-24,41.1,49.4,31.9,3,0.0
1424,2023-11-25,32.5,39.3,26.2,3,0.0
1425,2023-11-26,39.4,50.7,27.1,63,0.217
1426,2023-11-27,45.1,54.7,36.8,63,0.173
1427,2023-11-28,33.3,38.8,28.5,71,0.004
1428,2023-11-29,29.5,36.4,23.9,3,0.0
1429,2023-11-30,37.1,49.1,27.0,3,0.0
1430,2023-12-01,40.7,45.8,31.3,61,0.209
1431,2023-12-02,47.6,60.9,39.6,51,0.004
1432,2023-12-03,47.1,50.0,42.0,63,0.638
1433,2023-12-04,44.9,51.3,40.3,3,0.0
1434,2023-12-05,38.6,43.7,34.5,3,0.0
1435,2023-12-06,34.5,40.8,27.8,51,0.004
1436,2023-12-07,32.1,38.0,25.8,3,0.0
1437,2023-12-08,37.1,48.2,28.2,3,0.0
1438,2023-12-09,43.8,56.0,33.8,3,0.0
1439,2023-12-10,52.9,62.3,40.8,63,1.106
1440,2023-12-11,42.4,57.1,36.6,65,1.059
1441,2023-12-12,35.6,42.9,27.6,1,0.0
1442,2023-12-13,37.1,45.2,31.8,0,0.0
1443,2023-12-14,32.6,40.1,25.9,3,0.0
1444,2023-12-15,39.7,54.2,30.7,3,0.0
1445,2023-12-16,42.6,52.5,37.0,3,0.0
1446,2023-12-17,48.8,55.3,41.1,63,0.661
1447,2023-12-18,52.6,59.8,42.2,65,3.106
1448,2023-12-19,37.0,42.8,30.1,3,0.0
1449,2023-12-20,34.0,45.4,25.1,1,0.0
1450,2023-12-21,33.3,39.6,26.8,1,0.0
1451,2023-12-22,27.9,36.6,21.7,3,0.0
1452,2023-12-23,32.9,42.5,25.7,51,0.02
1453,2023-12-24,39.4,47.4,33.8,3,0.0
1454,2023-12-25,42.3,52.6,34.0,3,0.0
1455,2023-12-26,40.4,45.6,37.1,3,0.0
1456,2023-12-27,44.1,48.0,41.2,61,0.205
1457,2023-12-28,49.6,52.8,47.1,65,1.579
1458,2023-12-29,48.9,55.8,44.7,51,0.016
1459,2023-12-30,41.3,46.1,34.0,51,0.004
1460,2023-12-31,36.7,43.4,28.1,3,0.0
1461,2024-01-01,38.0,45.5,32.1,3,0.0
1462,2024-01-02,31.7,42.0,23.4,0,0.0
1463,2024-01-03,34.3,45.6,27.6,3,0.0
1464,2024-01-04,35.3,43.9,27.9,3,0.0
1465,2024-01-05,28.5,37.3,22.1,3,0.0
1466,2024-01-06,29.8,36.6,22.3,75,0.433
1467,2024-01-07,34.4,36.2,31.3,73,0.287
1468,2024-01-08,34.3,43.0,25.9,1,0.0
1469,2024-01-09,37.5,54.4,23.5,63,1.24
1470,2024-01-10,48.3,56.5,41.1,65,1.11
1471,2024-01-11,39.8,46.4,31.8,3,0.0
1472,2024-01-12,38.9,46.4,28.2,53,0.031
1473,2024-01-13,48.1,58.0,34.9,63,0.902
1474,2024-01-14,32.0,43.0,24.9,71,0.02
1475,2024-01-15,25.5,30.3,21.2,73,0.031
1476,2024-01-16,26.7,30.1,21.4,73,0.374
1477,2024-01-17,20.0,24.2,15.6,0,0.0
1478,2024-01-18,25.5,32.4,19.5,71,0.012
1479,2024-01-19,27.3,30.1,23.5,73,0.106
1480,2024-01-20,20.7,25.7,17.0,3,0.0
1481,2024-01-21,22.7,29.6,18.2,3,0.0
1482,2024-01-22,27.3,38.2,19.2,3,0.0
1483,2024-01-23,33.6,39.9,28.7,53,0.067
1484,2024-01-24,36.8,41.7,31.9,51,0.126
1485,2024-01-25,47.6,52.1,41.0,55,0.22
1486,2024-01-26,42.8,46.6,37.5,53,0.181
1487,2024-01-27,41.3,47.1,36.6,3,0.0
1488,2024-01-28,37.8,39.3,36.1,63,0.839
1489,2024-01-29,37.0,42.2,32.7,51,0.028
1490,2024-01-30,32.4,39.4,24.6,3,0.0
1491,2024-01-31,35.6,39.7,29.6,51,0.008
1492,2024-02-01,35.8,47.9,25.6,51,0.024
1493,2024-02-02,38.5,42.5,35.2,55,0.248
1494,2024-02-03,33.8,42.5,26.0,2,0.0
1495,2024-02-04,33.3,45.2,24.9,1,0.0
1496,2024-02-05,33.3,44.4,25.8,0,0.0
1497,2024-02-06,31.2,41.9,22.9,0,0.0
1498,2024-02-07,34.5,46.4,25.0,2,0.0
1499,2024-02-08,35.5,49.7,24.9,3,0.0
1500,2024-02-09,41.1,52.1,33.4,3,0.0
1501,2024-02-10,46.6,60.2,34.9,51,0.004
1502,2024-02-11,44.0,47.9,38.2,3,0.0
1503,2024-02-12,38.8,48.2,28.5,51,0.004
1504,2024-02-13,33.4,37.8,29.4,75,1.091
1505,2024-02-14,28.2,32.3,24.0,2,0.0
1506,2024-02-15,29.9,36.8,22.0,71,0.008
1507,2024-02-16,34.0,40.8,28.1,3,0.0
1508,2024-02-17,30.0,35.7,23.4,75,0.232
1509,2024-02-18,28.2,40.6,20.4,0,0.0
1510,2024-02-19,31.1,39.1,24.4,0,0.0
1511,2024-02-20,26.9,35.9,20.1,1,0.0
1512,2024-02-21,29.6,39.9,21.7,3,0.0
1513,2024-02-22,33.5,43.9,22.5,51,0.012
1514,2024-02-23,39.8,46.5,34.1,53,0.122
1515,2024-02-24,35.8,41.7,26.6,3,0.0
1516,2024-02-25,27.7,39.0,18.5,2,0.0
1517,2024-02-26,37.7,52.3,27.8,75,0.114
1518,2024-02-27,45.5,56.7,31.6,61,0.15
1519,2024-02-28,56.3,62.6,49.9,63,0.618
1520,2024-02-29,33.5,43.8,26.7,51,0.004
1521,2024-03-01,33.1,42.3,23.8,3,0.0
1522,2024-03-02,43.6,50.0,34.9,63,1.106
1523,2024-03-03,52.5,65.4,42.3,3,0.0
1524,2024-03-04,46.4,57.5,38.4,3,0.0
1525,2024-03-05,43.4,46.8,38.8,63,0.799
1526,2024-03-06,44.5,49.3,38.3,65,1.307
1527,2024-03-07,49.2,54.5,42.2,53,0.138
1528,2024-03-08,42.5,54.0,33.1,3,0.0
1529,2024-03-09,41.2,46.0,38.4,65,1.13
1530,2024-03-10,44.8,51.2,35.7,65,0.823
1531,2024-03-11,40.8,49.9,33.5,3,0.0
1532,2024-03-12,48.4,63.3,36.3,3,0.0
1533,2024-03-13,47.4,59.4,36.1,3,0.0
1534,2024-03-14,52.6,69.9,38.9,3,0.0
1535,2024-03-15,58.6,70.7,46.5,53,0.031
1536,2024-03-16,48.5,57.5,40.3,51,0.004
1537,2024-03-17,51.3,60.1,44.7,51,0.016
1538,2024-03-18,43.7,48.3,36.0,3,0.0
1539,2024-03-19,38.1,45.2,32.1,71,0.02
1540,2024-03-20,42.3,53.2,33.8,55,0.11
1541,2024-03-21,33.1,41.7,25.1,3,0.0
1542,2024-03-22,33.3,41.9,22.3,3,0.0
1543,2024-03-23,42.1,49.7,33.7,65,2.504
1544,2024-03-24,36.4,47.2,27.4,0,0.0
1545,2024-03-25,39.0,50.1,29.0,0,0.0
1546,2024-03-26,41.8,49.6,31.9,3,0.0
1547,2024-03-27,45.1,51.3,40.3,53,0.024
1548,2024-03-28,47.0,51.0,43.3,63,0.846
1549,2024-03-29,45.1,54.5,38.8,51,0.016
1550,2024-03-30,46.3,58.0,36.0,51,0.004
1551,2024-03-31,50.6,60.9,39.8,51,0.008
1552,2024-04-01,46.9,54.4,41.6,53,0.13
1553,2024-04-02,44.9,47.7,42.9,63,0.748
1554,2024-04-03,42.1,44.2,39.6,63,1.008
1555,2024-04-04,41.9,48.3,37.2,63,0.358
1556,2024-04-05,41.5,48.9,34.7,3,0.0
1557,2024-04-06,44.1,52.4,37.3,51,0.008
1558,2024-04-07,44.6,57.4,34.5,51,0.004
1559,2024-04-08,47.7,64.2,33.2,53,0.039
1560,2024-04-09,57.1,74.9,40.5,3,0.0
1561,2024-04-10,53.6,60.4,46.5,53,0.024
1562,2024-04-11,54.1,62.6,48.4,61,0.256
1563,2024-04-12,59.7,67.0,54.4,63,0.587
1564,2024-04-13,49.1,53.5,45.6,53,0.079
1565,2024-04-14,57.3,71.7,42.4,53,0.035
1566,2024-04-15,64.4,76.2,50.4,3,0.0
1567,2024-04-16,57.4,68.7,44.2,0,0.0
1568,2024-04-17,50.9,59.9,45.1,53,0.118
1569,2024-04-18,47.1,48.5,41.8,63,0.244
1570,2024-04-19,47.1,55.5,39.0,3,0.0
1571,2024-04-20,54.9,68.0,46.7,53,0.091
1572,2024-04-21,45.5,53.4,35.5,3,0.0
1573,2024-04-22,47.3,58.7,35.5,3,0.0
1574,2024-04-23,48.4,58.3,35.6,3,0.0
1575,2024-04-24,56.0,70.2,47.2,61,0.063
1576,2024-04-25,45.5,53.8,37.5,3,0.0
1577,2024-04-26,46.1,57.9,34.8,2,0.0
1578,2024-04-27,48.0,57.8,37.2,51,0.012
1579,2024-04-28,59.3,72.7,47.5,51,0.024
1580,2024-04-29,67.4,82.6,55.9,61,0.134
1581,2024-04-30,59.5,72.9,51.9,55,0.087
1582,2024-05-01,59.4,76.2,50.5,53,0.059
1583,2024-05-02,64.7,81.7,50.1,3,0.0
1584,2024-05-03,56.1,62.7,49.2,3,0.0
1585,2024-05-04,52.5,61.5,45.8,3,0.0
1586,2024-05-05,50.8,53.4,48.2,61,0.339
1587,2024-05-06,61.9,72.5,53.2,51,0.031
1588,2024-05-07,66.1,78.7,53.7,3,0.0
1589,2024-05-08,73.1,87.2,60.4,3,0.0
1590,2024-05-09,63.2,69.5,57.4,3,0.0
1591,2024-05-10,50.8,58.8,48.7,63,0.508
1592,2024-05-11,52.2,61.5,43.4,3,0.0
1593,2024-05-12,50.7,55.9,47.3,61,0.299
1594,2024-05-13,54.9,67.7,42.2,3,0.0
1595,2024-05-14,61.0,72.3,48.7,61,0.126
1596,2024-05-15,60.0,67.2,56.0,55,0.268
1597,2024-05-16,61.4,65.9,58.6,53,0.189
1598,2024-05-17,63.1,72.5,53.5,3,0.0
1599,2024-05-18,61.6,72.7,55.5,51,0.087
1600,2024-05-19,61.8,73.7,54.2,51,0.008
1601,2024-05-20,61.2,74.5,51.0,3,0.0
1602,2024-05-21,66.2,80.5,53.9,3,0.0
1603,2024-05-22,71.3,83.1,60.0,3,0.0
1604,2024-05-23,72.6,80.6,65.8,61,0.118
1605,2024-05-24,72.3,84.5,60.1,3,0.0
1606,2024-05-25,67.0,78.5,56.8,3,0.0
1607,2024-05-26,67.7,78.6,60.0,51,0.008
1608,2024-05-27,66.3,72.3,62.6,65,1.362
1609,2024-05-28,71.3,80.5,63.7,3,0.0
1610,2024-05-29,65.9,76.9,56.9,63,0.488
1611,2024-05-30,63.4,70.8,56.8,61,0.087
1612,2024-05-31,65.2,76.7,55.5,3,0.0
1613,2024-06-01,69.1,82.4,55.4,3,0.0
1614,2024-06-02,69.6,80.8,57.3,3,0.0
1615,2024-06-03,74.3,85.8,63.3,51,0.008
1616,2024-06-04,69.1,77.9,61.4,3,0.0
1617,2024-06-05,68.3,78.9,58.2,63,0.26
1618,2024-06-06,73.4,81.6,66.6,65,1.594
1619,2024-06-07,73.2,83.1,63.3,51,0.02
1620,2024-06-08,68.5,77.2,59.5,3,0.0
1621,2024-06-09,68.5,77.4,57.9,51,0.004
1622,2024-06-10,66.7,75.7,58.1,3,0.0
1623,2024-06-11,65.7,73.7,56.7,51,0.043
1624,2024-06-12,67.5,78.1,57.8,3,0.0
1625,2024-06-13,71.0,84.0,56.8,3,0.0
1626,2024-06-14,73.4,85.1,66.7,65,0.744
1627,2024-06-15,71.0,81.0,62.5,3,0.0
1628,2024-06-16,66.2,75.0,57.8,3,0.0
1629,2024-06-17,72.8,84.9,60.7,3,0.0
1630,2024-06-18,76.8,85.6,68.6,3,0.0
1631,2024-06-19,76.6,87.7,67.3,3,0.0
1632,2024-06-20,79.2,91.8,67.4,3,0.0
1633,2024-06-21,81.9,95.7,72.6,3,0.0
1634,2024-06-22,80.5,94.1,71.8,61,0.197
1635,2024-06-23,84.5,97.0,72.5,51,0.004
1636,2024-06-24,77.2,80.7,71.8,3,0.0
1637,2024-06-25,79.2,92.6,68.0,3,0.0
1638,2024-06-26,82.9,96.2,73.5,51,0.004
1639,2024-06-27,77.1,86.4,70.7,63,0.417
1640,2024-06-28,68.1,77.5,59.5,3,0.0
1641,2024-06-29,73.3,80.1,63.8,53,0.067
1642,2024-06-30,79.0,91.9,71.4,65,0.819
1643,2024-07-01,71.2,80.1,61.4,51,0.004
1644,2024-07-02,72.7,83.4,61.3,3,0.0
1645,2024-07-03,72.7,82.3,62.7,3,0.0
1646,2024-07-04,76.4,86.6,66.7,55,0.071
1647,2024-07-05,80.1,89.7,71.5,53,0.067
1648,2024-07-06,82.3,91.5,73.0,61,0.126
1649,2024-07-07,81.9,90.5,74.6,55,0.063
1650,2024-07-08,80.3,91.1,73.6,3,0.0
1651,2024-07-09,80.3,87.6,72.1,51,0.008
1652,2024-07-10,82.3,89.5,76.2,51,0.012
1653,2024-07-11,82.2,93.9,75.3,63,0.22
1654,2024-07-12,77.1,84.8,71.0,61,0.236
1655,2024-07-13,77.4,87.1,70.7,65,1.083
1656,2024-07-14,80.4,88.2,71.2,53,0.047
1657,2024-07-15,83.6,95.1,73.4,51,0.02
1658,2024-07-16,83.8,95.1,72.6,51,0.031
1659,2024-07-17,81.0,89.5,74.7,65,1.327
1660,2024-07-18,78.0,87.3,70.3,51,0.016
1661,2024-07-19,74.6,83.8,64.1,2,0.0
1662,2024-07-20,75.2,83.6,63.7,61,0.083
1663,2024-07-21,78.4,88.3,67.2,51,0.004
1664,2024-07-22,76.1,82.9,69.8,61,0.177
1665,2024-07-23,75.9,85.1,69.7,55,0.13
1666,2024-07-24,76.0,84.9,69.9,65,0.346
1667,2024-07-25,76.9,87.0,69.0,3,0.0
1668,2024-07-26,74.8,84.7,64.5,3,0.0
1669,2024-07-27,75.5,85.8,63.6,3,0.0
1670,2024-07-28,75.8,88.4,64.4,3,0.0
1671,2024-07-29,76.8,84.9,70.6,63,0.157
1672,2024-07-30,79.1,89.5,70.2,3,0.0
1673,2024-07-31,78.6,89.4,73.5,63,0.39
1674,2024-08-01,81.5,94.5,68.7,51,0.004
1675,2024-08-02,80.8,91.2,74.4,63,0.394
1676,2024-08-03,80.1,91.3,74.1,63,0.516
1677,2024-08-04,75.9,82.6,73.4,65,0.539
1678,2024-08-05,79.7,89.3,68.4,3,0.0
1679,2024-08-06,78.2,90.4,71.5,65,1.476
1680,2024-08-07,69.8,72.6,65.3,63,0.945
1681,2024-08-08,68.9,73.9,64.5,53,0.224
1682,2024-08-09,76.4,83.1,71.5,63,0.933
1683,2024-08-10,77.3,84.9,70.9,53,0.039
1684,2024-08-11,73.4,81.3,66.1,3,0.0
1685,2024-08-12,71.1,79.2,61.3,3,0.0
1686,2024-08-13,70.6,80.5,61.4,3,0.0
1687,2024-08-14,73.1,83.1,63.5,51,0.004
1688,2024-08-15,74.9,86.3,62.7,2,0.0
1689,2024-08-16,75.2,86.5,64.9,3,0.0
1690,2024-08-17,73.8,79.4,69.2,63,0.181
1691,2024-08-18,72.9,78.0,69.8,63,1.083
1692,2024-08-19,73.0,83.0,68.3,65,1.169
1693,2024-08-20,66.1,72.3,61.5,51,0.004
1694,2024-08-21,64.0,72.6,55.1,1,0.0
1695,2024-08-22,65.8,76.1,54.4,3,0.0
1696,2024-08-23,68.8,81.2,55.8,2,0.0
1697,2024-08-24,71.4,85.6,58.4,3,0.0
1698,2024-08-25,73.2,86.1,61.2,51,0.008
1699,2024-08-26,73.6,85.6,64.5,53,0.035
1700,2024-08-27,73.7,85.5,63.7,3,0.0
1701,2024-08-28,80.7,93.3,70.5,3,0.0
1702,2024-08-29,73.7,80.3,68.1,61,0.181
1703,2024-08-30,69.0,74.8,64.6,61,0.154
1704,2024-08-31,70.9,78.1,63.7,51,0.035
1705,2024-09-01,75.4,84.2,69.4,61,0.189
1706,2024-09-02,71.0,78.9,63.4,3,0.0
1707,2024-09-03,63.7,73.1,53.8,0,0.0
1708,2024-09-04,64.9,77.0,53.9,0,0.0
1709,2024-09-05,65.7,77.9,54.6,0,0.0
1710,2024-09-06,67.7,79.5,58.0,51,0.004
1711,2024-09-07,67.4,75.9,57.3,55,0.122
1712,2024-09-08,61.3,71.0,52.3,0,0.0
1713,2024-09-09,64.1,76.8,50.7,2,0.0
1714,2024-09-10,66.9,78.7,56.4,0,0.0
1715,2024-09-11,65.1,77.7,53.4,3,0.0
1716,2024-09-12,66.8,79.0,58.4,3,0.0
1717,2024-09-13,67.6,81.1,56.7,3,0.0
1718,2024-09-14,71.0,85.1,58.5,3,0.0
1719,2024-09-15,69.4,82.3,59.6,1,0.0
1720,2024-09-16,65.8,78.0,55.3,3,0.0
1721,2024-09-17,67.9,80.7,58.3,3,0.0
1722,2024-09-18,68.9,74.6,63.9,3,0.0
1723,2024-09-19,72.7,85.2,61.1,3,0.0
1724,2024-09-20,71.3,81.6,63.0,3,0.0
1725,2024-09-21,68.2,80.5,59.4,3,0.0
1726,2024-09-22,65.6,77.3,56.2,3,0.0
1727,2024-09-23,62.8,69.7,55.5,51,0.004
1728,2024-09-24,63.1,68.1,56.7,3,0.0
1729,2024-09-25,64.0,69.0,60.6,53,0.043
1730,2024-09-26,68.3,73.7,62.6,55,0.173
1731,2024-09-27,68.5,71.8,65.3,53,0.035
1732,2024-09-28,63.9,67.7,60.6,63,0.539
1733,2024-09-29,62.7,65.3,61.4,51,0.047
1734,2024-09-30,64.3,72.9,57.5,3,0.0
1735,2024-10-01,63.3,71.7,57.9,3,0.0
1736,2024-10-02,61.1,69.0,55.1,3,0.0
1737,2024-10-03,64.0,71.9,58.8,51,0.004
1738,2024-10-04,63.2,73.8,53.9,51,0.008
1739,2024-10-05,65.4,75.0,56.4,51,0.016
1740,2024-10-06,60.6,71.0,49.8,3,0.0
1741,2024-10-07,65.2,74.2,59.8,63,0.217
1742,2024-10-08,59.6,69.3,50.5,3,0.0
1743,2024-10-09,58.6,68.1,48.3,51,0.004
1744,2024-10-10,53.9,64.2,45.6,1,0.0
1745,2024-10-11,56.1,69.8,43.3,0,0.0
1746,2024-10-12,63.2,73.4,53.8,2,0.0
1747,2024-10-13,61.8,74.2,49.2,3,0.0
1748,2024-10-14,56.2,66.8,47.1,3,0.0
1749,2024-10-15,49.4,58.2,41.4,51,0.008
1750,2024-10-16,49.5,59.6,41.4,3,0.0
1751,2024-10-17,48.7,59.1,38.2,3,0.0
1752,2024-10-18,53.6,66.8,43.9,0,0.0
1753,2024-10-19,55.4,70.6,44.4,0,0.0
1754,2024-10-20,57.5,76.0,42.1,2,0.0
1755,2024-10-21,63.0,81.7,45.6,0,0.0
1756,2024-10-22,65.7,81.6,54.6,0,0.0
1757,2024-10-23,63.6,77.3,51.4,3,0.0
1758,2024-10-24,61.0,69.0,52.7,53,0.024
1759,2024-10-25,53.2,64.4,43.3,3,0.0
1760,2024-10-26,56.0,64.6,49.0,3,0.0
1761,2024-10-27,49.1,58.4,40.3,3,0.0
1762,2024-10-28,48.5,60.9,36.9,2,0.0
1763,2024-10-29,54.7,63.3,42.6,51,0.043
1764,2024-10-30,62.8,78.3,51.6,3,0.0
1765,2024-10-31,67.5,82.5,53.3,3,0.0
1766,2024-11-01,69.6,79.7,58.8,51,0.012
1767,2024-11-02,53.7,60.4,46.6,1,0.0
1768,2024-11-03,45.2,55.5,38.4,3,0.0
1769,2024-11-04,48.1,57.5,37.9,3,0.0
1770,2024-11-05,59.9,72.3,47.4,3,0.0
1771,2024-11-06,69.3,80.2,61.2,2,0.0
1772,2024-11-07,64.2,73.2,54.2,3,0.0
1773,2024-11-08,56.0,68.8,43.8,3,0.0
1774,2024-11-09,47.4,55.1,39.8,3,0.0
1775,2024-11-10,47.5,57.7,35.8,53,0.028
1776,2024-11-11,60.2,69.6,51.4,61,0.13
1777,2024-11-12,49.1,53.5,41.8,2,0.0
1778,2024-11-13,40.9,48.2,34.2,2,0.0
1779,2024-11-14,40.2,45.7,34.1,3,0.0
1780,2024-11-15,46.6,58.2,37.2,3,0.0
1781,2024-11-16,50.8,61.3,42.9,0,0.0
1782,2024-11-17,52.1,64.1,43.4,3,0.0
1783,2024-11-18,54.1,63.9,45.4,3,0.0
1784,2024-11-19,51.2,58.2,42.4,3,0.0
1785,2024-11-20,52.9,60.3,44.7,3,0.0
1786,2024-11-21,47.2,53.7,39.3,63,1.665
1787,2024-11-22,38.0,40.6,35.5,71,0.587
1788,2024-11-23,42.0,47.6,36.2,53,0.055
1789,2024-11-24,46.2,51.3,41.6,3,0.0
1790,2024-11-25,43.8,51.1,35.7,3,0.0
1791,2024-11-26,51.0,58.4,43.6,61,0.146
1792,2024-11-27,42.4,50.2,35.8,3,0.0
1793,2024-11-28,44.0,52.8,40.6,63,0.516
1794,2024-11-29,38.7,45.7,33.7,51,0.008
1795,2024-11-30,32.4,38.0,27.8,3,0.0
1796,2024-12-01,29.8,36.6,25.0,3,0.0
1797,2024-12-02,30.9,38.8,26.0,2,0.0
1798,2024-12-03,33.2,41.0,27.6,1,0.0
1799,2024-12-04,32.1,38.6,25.8,3,0.0
1800,2024-12-05,35.8,40.0,31.5,73,0.142
1801,2024-12-06,29.8,32.0,27.6,3,0.0
1802,2024-12-07,32.8,40.1,26.8,3,0.0
1803,2024-12-08,41.9,52.1,34.3,3,0.0
1804,2024-12-09,41.6,50.5,33.6,61,0.291
1805,2024-12-10,46.3,51.6,42.0,55,0.083
1806,2024-12-11,55.0,60.7,42.3,63,1.35
1807,2024-12-12,34.6,41.0,28.0,51,0.004
1808,2024-12-13,27.4,32.1,24.6,1,0.0
1809,2024-12-14,26.8,32.8,21.7,3,0.0
1810,2024-12-15,29.5,37.2,22.8,51,0.004
1811,2024-12-16,41.6,48.8,34.7,63,0.606
1812,2024-12-17,51.1,58.2,45.1,61,0.185
1813,2024-12-18,43.0,49.6,34.3,55,0.098
1814,2024-12-19,39.7,43.8,33.1,55,0.102
1815,2024-12-20,33.3,36.2,30.3,71,0.067
1816,2024-12-21,26.9,32.3,19.8,73,0.161
1817,2024-12-22,15.3,19.2,9.9,1,0.0
1818,2024-12-23,13.3,24.5,5.0,3,0.0
1819,2024-12-24,28.7,34.3,24.4,73,0.075
1820,2024-12-25,26.5,32.0,20.4,3,0.0
1821,2024-12-26,22.7,31.2,17.0,3,0.0
1822,2024-12-27,24.8,35.3,14.8,3,0.0
1823,2024-12-28,38.9,44.7,34.9,53,0.22
1824,2024-12-29,48.9,60.7,39.6,53,0.106
1825,2024-12-30,52.3,55.1,45.6,63,0.228
1826,2024-12-31,42.9,49.2,34.3,63,0.232
1827,2025-01-01,45.0,51.4,38.7,63,0.177
1828,2025-01-02,36.4,41.4,32.2,3,0.0
1829,2025-01-03,32.4,37.5,28.3,3,0.0
1830,2025-01-04,29.1,31.6,26.9,3,0.0
1831,2025-01-05,27.8,32.3,25.2,3,0.0
1832,2025-01-06,27.5,28.9,23.7,73,0.067
1833,2025-01-07,22.3,26.4,16.0,3,0.0
1834,2025-01-08,24.0,27.3,19.8,3,0.0
1835,2025-01-09,24.2,29.0,19.5,3,0.0
1836,2025-01-10,30.2,37.6,24.8,3,0.0
1837,2025-01-11,29.5,32.5,26.5,73,0.079
1838,2025-01-12,32.7,40.4,28.3,3,0.0
1839,2025-01-13,34.0,43.6,28.4,3,0.0
1840,2025-01-14,28.6,32.3,25.1,3,0.0
1841,2025-01-15,25.6,29.8,21.5,3,0.0
1842,2025-01-16,26.0,30.7,21.1,71,0.012
1843,2025-01-17,30.5,40.7,22.8,3,0.0
1844,2025-01-18,36.8,43.4,30.2,53,0.083
1845,2025-01-19,33.0,36.4,28.0,75,0.346
1846,2025-01-20,19.0,27.0,12.8,71,0.008
1847,2025-01-21,11.2,16.6,3.3,71,0.016
1848,2025-01-22,10.5,17.0,1.7,3,0.0
1849,2025-01-23,16.2,25.5,8.2,3,0.0
1850,2025-01-24,20.3,29.8,12.5,3,0.0
1851,2025-01-25,19.1,28.1,8.3,3,0.0
1852,2025-01-26,29.8,39.1,21.6,3,0.0
1853,2025-01-27,29.4,35.4,23.0,3,0.0
1854,2025-01-28,32.9,39.6,26.4,3,0.0
1855,2025-01-29,39.0,48.2,32.2,3,0.0
1856,2025-01-30,28.1,33.6,20.4,3,0.0
1857,2025-01-31,38.2,42.9,33.0,61,0.406
1858,2025-02-01,33.0,42.9,21.3,53,0.094
1859,2025-02-02,23.6,34.1,14.5,73,0.047
1860,2025-02-03,35.0,42.7,26.2,71,0.012
1861,2025-02-04,38.2,42.8,30.8,51,0.012
1862,2025-02-05,29.1,34.9,25.5,3,0.0
1863,2025-02-06,33.7,39.7,28.4,75,0.335
1864,2025-02-07,34.2,40.9,26.9,3,0.0
1865,2025-02-08,28.4,33.8,23.8,75,0.307
1866,2025-02-09,31.5,34.2,27.7,75,0.252
1867,2025-02-10,28.0,32.7,22.3,3,0.0
1868,2025-02-11,24.1,31.3,15.1,73,0.047
1869,2025-02-12,30.5,32.4,27.8,73,0.177
1870,2025-02-13,37.8,44.7,32.7,71,0.26
1871,2025-02-14,29.7,33.5,26.0,3,0.0
1872,2025-02-15,30.0,34.8,24.5,73,0.272
1873,2025-02-16,37.0,45.0,33.2,63,0.909
1874,2025-02-17,29.0,33.3,25.5,3,0.0
1875,2025-02-18,22.2,26.3,16.7,3,0.0
1876,2025-02-19,22.4,29.7,15.1,3,0.0
1877,2025-02-20,23.0,29.8,16.1,71,0.035
1878,2025-02-21,24.6,31.2,20.3,3,0.0
1879,2025-02-22,27.8,38.4,18.5,3,0.0
1880,2025-02-23,36.2,46.0,28.5,3,0.0
1881,2025-02-24,37.9,46.6,28.5,3,0.0
1882,2025-02-25,44.5,54.3,38.3,3,0.0
1883,2025-02-26,44.6,56.5,36.0,51,0.004
1884,2025-02-27,47.1,53.5,40.2,63,0.362
1885,2025-02-28,42.7,49.2,35.1,3,0.0
1886,2025-03-01,44.3,60.6,30.3,3,0.0
1887,2025-03-02,25.6,32.8,18.6,3,0.0
1888,2025-03-03,28.9,38.4,21.7,3,0.0
1889,2025-03-04,40.3,55.0,28.2,3,0.0
1890,2025-03-05,49.2,54.4,42.0,65,1.543
1891,2025-03-06,49.0,53.7,35.9,63,0.114
1892,2025-03-07,38.6,46.5,30.3,3,0.0
1893,2025-03-08,38.2,42.9,33.6,3,0.0
1894,2025-03-09,38.3,50.4,27.6,3,0.0
1895,2025-03-10,48.8,62.6,38.4,2,0.0
1896,2025-03-11,48.9,60.8,36.7,1,0.0
1897,2025-03-12,45.1,52.1,37.4,3,0.0
1898,2025-03-13,41.9,50.5,35.3,3,0.0
1899,2025-03-14,42.6,54.9,33.1,3,0.0
1900,2025-03-15,43.6,48.3,38.3,51,0.02
1901,2025-03-16,54.6,60.3,45.1,63,0.323
1902,2025-03-17,52.6,58.3,37.7,65,1.217
1903,2025-03-18,44.0,57.2,33.0,3,0.0
1904,2025-03-19,46.2,57.3,36.8,3,0.0
1905,2025-03-20,45.8,49.9,41.7,63,0.449
1906,2025-03-21,43.4,48.5,36.2,63,0.287
1907,2025-03-22,46.7,61.3,36.2,3,0.0
1908,2025-03-23,37.4,46.6,27.4,3,0.0
1909,2025-03-24,44.5,50.8,39.1,63,0.539
1910,2025-03-25,48.4,57.3,40.5,3,0.0
1911,2025-03-26,42.6,50.1,35.6,51,0.012
1912,2025-03-27,40.0,49.5,30.8,1,0.0
1913,2025-03-28,49.9,60.0,40.0,55,0.051
1914,2025-03-29,60.5,79.1,44.9,61,0.287
1915,2025-03-30,47.4,56.7,42.0,51,0.012
1916,2025-03-31,61.6,74.9,46.5,65,1.543
1917,2025-04-01,47.6,60.5,39.9,63,0.26
1918,2025-04-02,40.2,47.0,32.1,3,0.0
1919,2025-04-03,59.1,71.9,43.7,53,0.059
1920,2025-04-04,63.2,70.0,54.8,63,0.283
1921,2025-04-05,48.8,54.6,42.6,53,0.059
1922,2025-04-06,49.5,59.6,42.6,61,0.122
1923,2025-04-07,42.7,48.3,39.7,55,0.335
1924,2025-04-08,40.0,43.8,35.3,3,0.0
1925,2025-04-09,37.6,46.8,28.8,1,0.0
1926,2025-04-10,41.0,48.9,34.8,51,0.028
1927,2025-04-11,42.2,45.1,39.9,61,0.461
1928,2025-04-12,38.8,42.0,34.7,73,0.677
1929,2025-04-13,47.7,57.0,38.8,3,0.0
1930,2025-04-14,50.8,61.0,40.6,3,0.0
1931,2025-04-15,55.8,65.5,47.9,61,0.055
1932,2025-04-16,45.5,50.1,41.3,3,0.0
1933,2025-04-17,48.5,59.8,37.8,2,0.0
1934,2025-04-18,53.2,64.8,39.1,3,0.0
1935,2025-04-19,69.5,80.5,60.0,51,0.004
1936,2025-04-20,60.6,71.4,51.2,3,0.0
1937,2025-04-21,50.7,56.1,44.8,51,0.012
1938,2025-04-22,65.4,80.5,51.6,51,0.004
1939,2025-04-23,63.3,77.0,49.2,3,0.0
1940,2025-04-24,66.8,78.9,52.2,3,0.0
1941,2025-04-25,66.5,76.6,57.5,3,0.0
1942,2025-04-26,65.0,71.7,56.7,63,0.52
1943,2025-04-27,52.8,57.3,46.7,3,0.0
1944,2025-04-28,60.5,72.5,48.1,3,0.0
1945,2025-04-29,66.8,80.5,51.7,3,0.0
1946,2025-04-30,68.5,72.7,61.2,3,0.0
1947,2025-05-01,60.0,69.9,50.1,3,0.0
1948,2025-05-02,71.0,85.9,57.3,3,0.0
